"quadrat_id","species_ids"
"CBN-PdlC-E3-20130723","[1361347]"
"CBN-PdlC-E2-20130723","[1395807]"
"CBN-PdlC-E5-20130723","[1654153]"
"CBN-PdlC-E6-20130723","[1394598]"
"CBN-PdlC-E1-20130723","[1390793]"
"CBN-PdlC-F1-20130723","[1394597]"
"CBN-PdlC-F2-20130723","[1361373]"
"CBN-PdlC-F3-20130723","[1361347]"
"CBN-PdlC-F4-20130723","[1363544]"
"CBN-PdlC-F5-20130723","[1420364]"
"CBN-PdlC-F6-20130723","[1390837]"
"CBN-Pla-B1-20130724","[1396839]"
"CBN-Pla-B5-20130724","[1396839]"
"CBN-Pla-B6-20130724","[1609716]"
"CBN-Pla-B2-20130724","[1398222]"
"CBN-Pla-B4-20130724","[1398222]"
"CBN-Pla-B3-20130724","[1391412]"
"CBN-Pla-A6-20130724","[1356402]"
"CBN-Pla-A5-20130724","[1390904]"
"CBN-Pla-A4-20130724","[1737699]"
"CBN-Pla-A2-20130724","[1398222]"
"CBN-Pla-A3-20130724","[1609716]"
"CBN-PdlC-B2-20130807","[1392608]"
"CBN-PdlC-B6-20130807","[1395807]"
"CBN-PdlC-B5-20130807","[1395807, 1397475]"
"CBN-PdlC-B3-20130807","[1391427]"
"CBN-PdlC-D3-20130807","[1647128]"
"CBN-PdlC-D2-20130807","[1363736]"
"CBN-PdlC-E5-20130807","[1396253]"
"CBN-PdlC-F1-20130807","[1390793]"
"CBN-PdlC-E6-20130807","[1395807]"
"CBN-PdlC-F2-20130807","[1360874]"
"CBN-PdlC-E3-20130807","[1392299]"
"CBN-PdlC-F3-20130807","[1392747]"
"CBN-PdlC-F4-20130807","[1392608]"
"CBN-PdlC-F6-20130807","[1388766]"
"CBN-PdlC-C1-20130807","[1360828]"
"CBN-PdlC-E4-20130807","[1396733]"
"CBN-PdlC-E2-20130807","[1395807]"
"CBN-PdlC-C5-20130807","[1363736]"
"CBN-PdlC-C4-20130807","[1395807]"
"CBN-PdlC-C3-20130807","[1361347]"
"CBN-PdlC-A1-20130807","[1392608, 1412857]"
"CBN-PdlC-A2-20130807","[1395807]"
"CBN-PdlC-E1-20130807","[1667445]"
"CBN-PdlC-A3-20130807","[1394866]"
"CBN-PdlC-D6-20130807","[1395807]"
"CBN-PdlC-A5-20130807","[1395807]"
"CBN-PdlC-A4-20130807","[1360299]"
"CBN-PdlC-D4-20130807","[1395807]"
"CBN-PdlC-A6-20130807","[1397475]"
"CBN-PdlC-B4-20130807","[1397475]"
"CBN-PdlC-B1-20130807","[1392608]"
"CBN-PdlC-D1-20130807","[1395807]"
"CBN-PdlC-C6-20130807","[1360140]"
"CBN-PdlC-D5-20130807","[1395807]"
"CBN-Pla-C6-20130808","[1395807]"
"CBN-Pla-A4-20130808","[1395807]"
"CBN-Pla-A3-20130808","[1395807]"
"CBN-Pla-D4-20130808","[1396974]"
"CBN-Pla-C5-20130808","[1395807]"
"CBN-Pla-A2-20130808","[1395807]"
"CBN-Pla-A1-20130808","[1397475]"
"CBN-Pla-E6-20130808","[1391120]"
"CBN-Pla-F2-20130808","[1412857]"
"CBN-Pla-F1-20130808","[1361141]"
"CBN-Pla-C4-20130808","[1395807]"
"CBN-Pla-F4-20130808","[1396839]"
"CBN-Pla-F5-20130808","[1396733]"
"CBN-Pla-F6-20130808","[1361141]"
"CBN-Pla-F3-20130808","[1362592]"
"CBN-Pla-A5-20130808","[1395870]"
"CBN-Pla-B5-20130808","[1395807, 1397528]"
"CBN-Pla-A6-20130808","[1395807]"
"CBN-Pla-B3-20130808","[1396733]"
"CBN-Pla-B1-20130808","[1395807]"
"CBN-Pla-C1-20130808","[1361141]"
"CBN-Pla-C2-20130808","[1396974]"
"CBN-Pla-C3-20130808","[1395807]"
"CBN-Pla-D5-20130808","[1390899]"
"CBN-Pla-E4-20130808","[1390874]"
"CBN-Pla-E2-20130808","[1361141]"
"CBN-Pla-E3-20130808","[1394866]"
"CBN-Pla-D6-20130808","[1395807]"
"CBN-Pla-D3-20130808","[1390793]"
"CBN-Pla-E5-20130808","[1396974]"
"CBN-Pla-D2-20130808","[1393947]"
"CBN-Pla-E1-20130808","[1396030]"
"CBN-Pla-D1-20130808","[1395807]"
"CBN-Pla-B2-20130808","[1395807]"
"CBN-Pla-B4-20130808","[1395807]"
"CBN-Pla-B6-20130808","[1395807]"
"CBN-PdlC-D6-20130903","[1395807]"
"CBN-PdlC-E2-20130903","[1395807]"
"CBN-PdlC-A3-20130903","[1412857]"
"CBN-PdlC-D3-20130903","[1647128]"
"CBN-PdlC-E1-20130903","[1721018]"
"CBN-PdlC-D4-20130903","[1395807, 1647128]"
"CBN-PdlC-D5-20130903","[1395807]"
"CBN-PdlC-C4-20130903","[1395807]"
"CBN-PdlC-D1-20130903","[1395807]"
"CBN-PdlC-F4-20130903","[1397430]"
"CBN-PdlC-A2-20130903","[1412857]"
"CBN-PdlC-A4-20130903","[1392747]"
"CBN-PdlC-A5-20130903","[1395807]"
"CBN-PdlC-B2-20130903","[1360299]"
"CBN-PdlC-A6-20130903","[1741661]"
"CBN-PdlC-D2-20130903","[1412857]"
"CBN-PdlC-B3-20130903","[1400188]"
"CBN-PdlC-B1-20130903","[1392608]"
"CBN-PdlC-C5-20130903","[1395807]"
"CBN-PdlC-E4-20130903","[1395807]"
"CBN-PdlC-A1-20130903","[1360299]"
"CBN-PdlC-F5-20130903","[1359511]"
"CBN-PdlC-B6-20130903","[1396974]"
"CBN-PdlC-F6-20130903","[1390793]"
"CBN-PdlC-E3-20130903","[1393602]"
"CBN-PdlC-B4-20130903","[1397475]"
"CBN-PdlC-F3-20130903","[1361284]"
"CBN-PdlC-C1-20130903","[1609716]"
"CBN-PdlC-F1-20130903","[1388766, 1395807]"
"CBN-PdlC-F2-20130903","[1395807]"
"CBN-PdlC-C3-20130903","[1400188]"
"CBN-PdlC-B5-20130903","[1397475]"
"CBN-PdlC-E6-20130903","[1390793]"
"CBN-PdlC-E5-20130903","[1390793]"
"CBN-PdlC-C6-20130903","[1359511]"
"CBN-PdlC-C2-20130903","[1412857]"
"CBN-Pla-D2-20130904","[1360874]"
"CBN-Pla-B2-20130904","[1395807]"
"CBN-Pla-C3-20130904","[1388766]"
"CBN-Pla-D3-20130904","[1395870]"
"CBN-Pla-E1-20130904","[1360269]"
"CBN-Pla-A2-20130904","[1390899, 1395807]"
"CBN-Pla-D4-20130904","[1390899]"
"CBN-Pla-E4-20130904","[1425936]"
"CBN-Pla-D1-20130904","[1391120]"
"CBN-Pla-B3-20130904","[1395807]"
"CBN-Pla-E5-20130904","[1361347]"
"CBN-Pla-C1-20130904","[1388766]"
"CBN-Pla-A3-20130904","[1390899, 1395807]"
"CBN-Pla-E6-20130904","[1412857]"
"CBN-Pla-F2-20130904","[1362331]"
"CBN-Pla-F5-20130904","[1391120]"
"CBN-Pla-C5-20130904","[1395807]"
"CBN-Pla-B5-20130904","[1397528]"
"CBN-Pla-B4-20130904","[1391881]"
"CBN-Pla-C6-20130904","[1395807]"
"CBN-Pla-A1-20130904","[1395807]"
"CBN-Pla-A4-20130904","[1390899]"
"CBN-Pla-B1-20130904","[1395807]"
"CBN-Pla-F3-20130904","[1390866]"
"CBN-Pla-D5-20130904","[1390793]"
"CBN-Pla-C4-20130904","[1391120]"
"CBN-Pla-B6-20130904","[1737693]"
"CBN-Pla-A5-20130904","[1395807]"
"CBN-Pla-F1-20130904","[1391207]"
"CBN-Pla-D6-20130904","[1397528]"
"CBN-Pla-C2-20130904","[1361347]"
"CBN-Pla-A6-20130904","[1360874]"
"CBN-Pla-E2-20130904","[1391331]"
"CBN-Pla-F4-20130904","[1361367]"
"CBN-Pla-F6-20130904","[1361141]"
"CBN-Pla-E3-20130904","[1396839]"
"CBN-PdlC-F6-20140630","[1390904]"
"CBN-PdlC-E2-20140630","[1418688]"
"CBN-PdlC-F2-20140630","[1392608]"
"CBN-PdlC-F1-20140630","[1394598]"
"CBN-PdlC-F3-20140630","[1361233]"
"CBN-PdlC-B6-20140630","[1396974]"
"CBN-PdlC-E6-20140630","[1392747]"
"CBN-PdlC-E1-20140630","[1388766]"
"CBN-PdlC-F5-20140630","[1737507]"
"CBN-PdlC-E5-20140630","[1360299]"
"CBN-PdlC-A6-20140630","[1741880]"
"CBN-PdlC-E4-20140630","[1609716]"
"CBN-PdlC-B5-20140630","[1722435]"
"CBN-PdlC-E3-20140630","[1392299]"
"CBN-PdlC-F4-20140630","[1360874]"
"CBN-PdlC-C2-20140721","[1412857]"
"CBN-PdlC-A1-20140721","[1412857]"
"CBN-PdlC-C3-20140721","[1400188]"
"CBN-PdlC-D4-20140721","[1412857]"
"CBN-PdlC-E1-20140721","[1390793, 1397528]"
"CBN-PdlC-F1-20140721","[1396858]"
"CBN-PdlC-E2-20140721","[1395807]"
"CBN-PdlC-E3-20140721","[1395807]"
"CBN-PdlC-F6-20140721","[1390793]"
"CBN-PdlC-E5-20140721","[1390793]"
"CBN-PdlC-F3-20140721","[1388766]"
"CBN-PdlC-D6-20140721","[1418688]"
"CBN-PdlC-F2-20140721","[1395807]"
"CBN-PdlC-E6-20140721","[1395807]"
"CBN-PdlC-F5-20140721","[1737693]"
"CBN-PdlC-A6-20140721","[1397475]"
"CBN-PdlC-E4-20140721","[1360874]"
"CBN-PdlC-B1-20140721","[1360299, 1392608]"
"CBN-PdlC-B4-20140721","[1397475]"
"CBN-PdlC-D3-20140721","[1647128]"
"CBN-PdlC-B3-20140721","[1395949]"
"CBN-PdlC-A3-20140721","[1395949]"
"CBN-PdlC-B2-20140721","[1360299]"
"CBN-PdlC-D2-20140721","[1412857]"
"CBN-PdlC-C1-20140721","[1397500]"
"CBN-PdlC-B6-20140721","[1395807, 1402995]"
"CBN-PdlC-D1-20140721","[1396974]"
"CBN-PdlC-B5-20140721","[1397475]"
"CBN-PdlC-C6-20140721","[1359511]"
"CBN-PdlC-C5-20140721","[1390793]"
"CBN-PdlC-A2-20140721","[1395949]"
"CBN-PdlC-C4-20140721","[1391120]"
"CBN-PdlC-D5-20140721","[1396169]"
"CBN-PdlC-A5-20140721","[1360269]"
"CBN-Pla-B1-20140722","[1390793]"
"CBN-Pla-F6-20140722","[1390793]"
"CBN-Pla-F3-20140722","[1361141]"
"CBN-Pla-B4-20140722","[1390793]"
"CBN-Pla-D1-20140722","[1390793]"
"CBN-Pla-B5-20140722","[1390793]"
"CBN-Pla-F4-20140722","[1418612]"
"CBN-Pla-B6-20140722","[1609716]"
"CBN-Pla-E2-20140722","[1361382]"
"CBN-Pla-D6-20140722","[1609716]"
"CBN-Pla-C3-20140722","[1609716]"
"CBN-Pla-B2-20140722","[1390793]"
"CBN-Pla-D3-20140722","[1390899]"
"CBN-Pla-A6-20140722","[1396839]"
"CBN-Pla-E3-20140722","[1396839]"
"CBN-Pla-D5-20140722","[1390904]"
"CBN-Pla-F1-20140722","[1397528]"
"CBN-Pla-A5-20140722","[1737701]"
"CBN-Pla-C2-20140722","[1396839]"
"CBN-Pla-D4-20140722","[1396839]"
"CBN-Pla-E4-20140722","[1390793]"
"CBN-Pla-F2-20140722","[1609716]"
"CBN-Pla-B3-20140722","[1391412]"
"CBN-Pla-F5-20140722","[1390899]"
"CBN-Pla-E1-20140722","[1390899]"
"CBN-Pla-E5-20140722","[1390793]"
"CBN-Pla-A1-20140722","[1397475]"
"CBN-Pla-E6-20140722","[1390904]"
"CBN-Pla-A2-20140722","[1396839]"
"CBN-Pla-A3-20140722","[1396839]"
"CBN-Pla-A4-20140722","[1361281]"
"CBN-Pla-D2-20140722","[1396839]"
"CBN-Pla-C5-20140722","[1390904]"
"CBN-PdlC-F4-20140811","[1392608]"
"CBN-PdlC-C4-20140811","[1395807, 1397528]"
"CBN-PdlC-F2-20140811","[1395807, 1412857]"
"CBN-PdlC-D5-20140811","[1395807]"
"CBN-PdlC-F3-20140811","[1392299]"
"CBN-PdlC-C6-20140811","[1392747]"
"CBN-PdlC-B6-20140811","[1395807]"
"CBN-PdlC-F1-20140811","[1395807]"
"CBN-PdlC-E3-20140811","[1395807]"
"CBN-PdlC-E5-20140811","[1393200]"
"CBN-PdlC-C5-20140811","[1395807]"
"CBN-PdlC-E4-20140811","[1395807, 1609716]"
"CBN-PdlC-B5-20140811","[1395807]"
"CBN-PdlC-A1-20140811","[1392608, 1412857]"
"CBN-PdlC-F5-20140811","[1390793]"
"CBN-PdlC-C2-20140811","[1392535, 1395807]"
"CBN-PdlC-C1-20140811","[1392747]"
"CBN-PdlC-B4-20140811","[1396843, 1397475]"
"CBN-PdlC-D6-20140811","[1394540]"
"CBN-PdlC-D3-20140811","[1395085]"
"CBN-PdlC-D4-20140811","[1395807]"
"CBN-PdlC-A4-20140811","[1397475]"
"CBN-PdlC-E1-20140811","[1392608, 1395807]"
"CBN-PdlC-B1-20140811","[1392608, 1393660]"
"CBN-PdlC-A3-20140811","[1412857]"
"CBN-PdlC-D2-20140811","[1412857]"
"CBN-PdlC-B2-20140811","[1392608]"
"CBN-PdlC-E2-20140811","[1412857]"
"CBN-PdlC-B3-20140811","[1394911]"
"CBN-PdlC-A5-20140811","[1395807]"
"CBN-PdlC-E6-20140811","[1390793, 1395807]"
"CBN-PdlC-C3-20140811","[1395807]"
"CBN-PdlC-F6-20140811","[1390793]"
"CBN-PdlC-D1-20140811","[1395807]"
"CBN-Pla-A5-20140812","[1395807]"
"CBN-Pla-B2-20140812","[1395807]"
"CBN-Pla-A4-20140812","[1395807]"
"CBN-Pla-A6-20140812","[1395807]"
"CBN-Pla-A2-20140812","[1396094]"
"CBN-Pla-A1-20140812","[1395807]"
"CBN-Pla-A3-20140812","[1395807]"
"CBN-Pla-B3-20140812","[1390793]"
"CBN-Pla-B5-20140812","[1697384]"
"CBN-Pla-B1-20140812","[1390899, 1395807]"
"CBN-Pla-B4-20140812","[1397528]"
"CBN-Pla-B6-20140812","[1361347]"
"CBN-PdlC-B2-20140901","[1392608]"
"CBN-PdlC-B3-20140901","[1412857]"
"CBN-PdlC-C4-20140901","[1394366, 1395807]"
"CBN-PdlC-F4-20140901","[1397471]"
"CBN-PdlC-D6-20140901","[1396974]"
"CBN-PdlC-B6-20140901","[1394540, 1395807]"
"CBN-PdlC-A3-20140901","[1412857]"
"CBN-PdlC-A6-20140901","[1397475]"
"CBN-PdlC-A2-20140901","[1388766]"
"CBN-PdlC-C1-20140901","[1392747]"
"CBN-PdlC-E1-20140901","[1399923]"
"CBN-PdlC-D5-20140901","[1392299]"
"CBN-PdlC-C2-20140901","[1396094]"
"CBN-PdlC-C6-20140901","[1359511, 1395807]"
"CBN-PdlC-F3-20140901","[1361347]"
"CBN-PdlC-E4-20140901","[1395807]"
"CBN-PdlC-D1-20140901","[1395807]"
"CBN-PdlC-F2-20140901","[1395807]"
"CBN-PdlC-E3-20140901","[1395807]"
"CBN-PdlC-E2-20140901","[1397528]"
"CBN-PdlC-A1-20140901","[1392608]"
"CBN-PdlC-A4-20140901","[1741661]"
"CBN-PdlC-F1-20140901","[1395807]"
"CBN-PdlC-B1-20140901","[1412857]"
"CBN-PdlC-D4-20140901","[1395807]"
"CBN-PdlC-B5-20140901","[1395807, 1396974, 1397475]"
"CBN-PdlC-C5-20140901","[1395807]"
"CBN-PdlC-D2-20140901","[1412857]"
"CBN-PdlC-C3-20140901","[1361367, 1395807]"
"CBN-PdlC-B4-20140901","[1395190, 1397475]"
"CBN-PdlC-D3-20140901","[1647128]"
"CBN-Pla-B2-20140902","[1394311]"
"CBN-Pla-B6-20140902","[1390793]"
"CBN-Pla-B1-20140902","[1737656]"
"CBN-Pla-C2-20140902","[1392299]"
"CBN-Pla-C6-20140902","[1395807]"
"CBN-Pla-F6-20140902","[1361141]"
"CBN-Pla-E2-20140902","[1722435]"
"CBN-Pla-E4-20140902","[1363736]"
"CBN-Pla-D6-20140902","[1388766]"
"CBN-Pla-D3-20140902","[1395807]"
"CBN-Pla-A4-20140902","[1397528]"
"CBN-Pla-F2-20140902","[1391207]"
"CBN-Pla-F5-20140902","[1737693]"
"CBN-Pla-C3-20140902","[1397528]"
"CBN-Pla-A2-20140902","[1397528]"
"CBN-Pla-E6-20140902","[1391734]"
"CBN-Pla-B3-20140902","[1397528]"
"CBN-Pla-B4-20140902","[1394366]"
"CBN-Pla-E3-20140902","[1396030]"
"CBN-Pla-D4-20140902","[1397528]"
"CBN-Pla-A1-20140902","[1361367, 1395807]"
"CBN-Pla-D5-20140902","[1388766]"
"CBN-Pla-D2-20140902","[1390899]"
"CBN-Pla-D1-20140902","[1394671]"
"CBN-Pla-C4-20140902","[1395807]"
"CBN-Pla-F3-20140902","[1361281]"
"CBN-Pla-C5-20140902","[1390899]"
"CBN-Pla-A6-20140902","[1396733]"
"CBN-Pla-A5-20140902","[1360269]"
"CBN-Pla-B5-20140902","[1394311]"
"CBN-Pla-E1-20140902","[1398824]"
"CBN-Pla-A3-20140902","[1395807]"
"CBN-Pla-F1-20140902","[1361367]"
"CBN-Pla-E5-20140902","[1392299]"
"CBN-PdlC-A5-20150701","[1395807]"
"CBN-PdlC-D4-20150701","[1361373]"
"CBN-PdlC-B5-20150701","[1395807, 1397475]"
"CBN-PdlC-D1-20150701","[1356402]"
"CBN-PdlC-C6-20150701","[1391840]"
"CBN-PdlC-C2-20150701","[1360205]"
"CBN-PdlC-F2-20150701","[1395807]"
"CBN-PdlC-F1-20150701","[1395807]"
"CBN-PdlC-B6-20150701","[1395807]"
"CBN-PdlC-D3-20150701","[1727501]"
"CBN-PdlC-A6-20150701","[1397475]"
"CBN-PdlC-A4-20150701","[1392608]"
"CBN-PdlC-F3-20150701","[1392299]"
"CBN-PdlC-D6-20150701","[1359587]"
"CBN-PdlC-E3-20150701","[1396858]"
"CBN-PdlC-B3-20150701","[1395807]"
"CBN-PdlC-D5-20150701","[1396974]"
"CBN-PdlC-C4-20150701","[1361382]"
"CBN-PdlC-E4-20150701","[1390883]"
"CBN-PdlC-F4-20150701","[1392608]"
"CBN-PdlC-A1-20150701","[1358860]"
"CBN-PdlC-E6-20150701","[1360864]"
"CBN-PdlC-B4-20150701","[1397475]"
"CBN-PdlC-C5-20150701","[1394530]"
"CBN-PdlC-B1-20150701","[1396261]"
"CBN-PdlC-F6-20150701","[1390793]"
"CBN-PdlC-B2-20150701","[1396261]"
"CBN-PdlC-E1-20150701","[1392608, 1395807]"
"CBN-PdlC-C1-20150701","[1392129]"
"CBN-PdlC-F5-20150701","[1395870]"
"CBN-PdlC-A3-20150701","[1737507]"
"CBN-PdlC-C3-20150701","[1362023]"
"CBN-Pla-D2-20150702","[1390837]"
"CBN-Pla-D4-20150702","[1390793]"
"CBN-Pla-F5-20150702","[1361347]"
"CBN-Pla-E4-20150702","[1390793]"
"CBN-Pla-F6-20150702","[1361347]"
"CBN-Pla-B1-20150702","[1392761]"
"CBN-Pla-A1-20150702","[1397475]"
"CBN-Pla-C5-20150702","[1737701]"
"CBN-Pla-E6-20150702","[1361141]"
"CBN-Pla-D6-20150702","[1743315]"
"CBN-Pla-A6-20150702","[1737701]"
"CBN-Pla-A4-20150702","[1390793]"
"CBN-Pla-A3-20150702","[1396094]"
"CBN-Pla-E2-20150702","[1361141]"
"CBN-Pla-D1-20150702","[1390837]"
"CBN-Pla-C4-20150702","[1390837]"
"CBN-Pla-F1-20150702","[1722437]"
"CBN-Pla-E1-20150702","[1361347]"
"CBN-Pla-B5-20150702","[1356359]"
"CBN-Pla-A5-20150702","[1390802]"
"CBN-Pla-C6-20150702","[1737701]"
"CBN-Pla-C3-20150702","[1390874]"
"CBN-Pla-B4-20150702","[1361347]"
"CBN-Pla-C1-20150702","[1361347]"
"CBN-Pla-D5-20150702","[1609716]"
"CBN-Pla-B6-20150702","[1361347]"
"CBN-Pla-D3-20150702","[1396839]"
"CBN-Pla-A2-20150702","[1396094]"
"CBN-Pla-F3-20150702","[1362592]"
"CBN-Pla-E5-20150702","[1395868]"
"CBN-Pla-E3-20150702","[1361141]"
"CBN-Pla-B2-20150702","[1390793]"
"CBN-Pla-F2-20150702","[1361347]"
"CBN-Pla-C2-20150702","[1390899]"
"CBN-PdlC-D4-20150720","[1391331]"
"CBN-PdlC-B2-20150720","[1393845]"
"CBN-PdlC-E6-20150720","[1396843]"
"CBN-PdlC-F4-20150720","[1392608, 1395807]"
"CBN-PdlC-C4-20150720","[1392608, 1395807, 1395870]"
"CBN-PdlC-E5-20150720","[1392608, 1395807]"
"CBN-PdlC-F3-20150720","[1392608]"
"CBN-PdlC-D1-20150720","[1395807]"
"CBN-PdlC-F5-20150720","[1391797]"
"CBN-PdlC-B1-20150720","[1392608]"
"CBN-PdlC-A3-20150720","[1391092]"
"CBN-PdlC-D2-20150720","[1412857]"
"CBN-PdlC-A2-20150720","[1394540]"
"CBN-PdlC-D3-20150720","[1412857, 1647128]"
"CBN-PdlC-C6-20150720","[1360874, 1395807]"
"CBN-PdlC-F1-20150720","[1395807]"
"CBN-PdlC-C5-20150720","[1395807]"
"CBN-PdlC-E3-20150720","[1390793, 1396733]"
"CBN-PdlC-D5-20150720","[1390793, 1395807]"
"CBN-PdlC-D6-20150720","[1395807]"
"CBN-PdlC-C1-20150720","[1364071, 1392299]"
"CBN-PdlC-E2-20150720","[1390793]"
"CBN-PdlC-A1-20150720","[1392608, 1396974]"
"CBN-PdlC-F6-20150720","[1360874]"
"CBN-PdlC-E4-20150720","[1395807]"
"CBN-PdlC-C3-20150720","[1395807]"
"CBN-PdlC-B6-20150720","[1395807]"
"CBN-PdlC-C2-20150720","[1412857]"
"CBN-PdlC-E1-20150720","[1392608, 1392747, 1395807]"
"CBN-PdlC-F2-20150720","[1395807]"
"CBN-PdlC-B5-20150720","[1397475]"
"CBN-Pla-E1-20150723","[1391120]"
"CBN-Pla-F4-20150723","[1392299]"
"CBN-Pla-B5-20150723","[1394311]"
"CBN-Pla-A1-20150723","[1395807]"
"CBN-Pla-E3-20150723","[1390793]"
"CBN-Pla-F6-20150723","[1397500]"
"CBN-Pla-C3-20150723","[1361141]"
"CBN-Pla-C6-20150723","[1390899]"
"CBN-Pla-A6-20150723","[1396094]"
"CBN-Pla-F1-20150723","[1396097]"
"CBN-Pla-C1-20150723","[1397528]"
"CBN-Pla-A5-20150723","[1395870]"
"CBN-Pla-B4-20150723","[1390793]"
"CBN-Pla-B6-20150723","[1397528]"
"CBN-Pla-D3-20150723","[1741880]"
"CBN-Pla-D1-20150723","[1392299]"
"CBN-Pla-B2-20150723","[1390793]"
"CBN-Pla-C5-20150723","[1390899]"
"CBN-Pla-F3-20150723","[1394671]"
"CBN-Pla-E5-20150723","[1361347]"
"CBN-Pla-A3-20150723","[1395807]"
"CBN-Pla-C4-20150723","[1395807]"
"CBN-Pla-A2-20150723","[1395807]"
"CBN-Pla-D4-20150723","[1390793]"
"CBN-Pla-D5-20150723","[1360269]"
"CBN-Pla-C2-20150723","[1390899]"
"CBN-Pla-F5-20150723","[1361347]"
"CBN-Pla-B1-20150723","[1738749]"
"CBN-Pla-D6-20150723","[1395807]"
"CBN-Pla-E2-20150723","[1394311]"
"CBN-Pla-A4-20150723","[1360269, 1395807]"
"CBN-Pla-F2-20150723","[1741624]"
"CBN-Pla-E6-20150723","[1395807]"
"CBN-Pla-D2-20150723","[1360874]"
"CBN-PdlC-B1-20150810","[1392608]"
"CBN-PdlC-F1-20150810","[1395807]"
"CBN-PdlC-B3-20150810","[1412857]"
"CBN-PdlC-E3-20150810","[1361347]"
"CBN-PdlC-F2-20150810","[1412857]"
"CBN-PdlC-A2-20150810","[1360269]"
"CBN-PdlC-E6-20150810","[1388766]"
"CBN-PdlC-A6-20150810","[1397475]"
"CBN-PdlC-C5-20150810","[1395807]"
"CBN-PdlC-D6-20150810","[1397450]"
"CBN-PdlC-C2-20150810","[1412857]"
"CBN-PdlC-E2-20150810","[1395807]"
"CBN-PdlC-B4-20150810","[1397475]"
"CBN-PdlC-B5-20150810","[1360269]"
"CBN-PdlC-C6-20150810","[1395807]"
"CBN-PdlC-B6-20150810","[1395807]"
"CBN-PdlC-F3-20150810","[1361347]"
"CBN-PdlC-E5-20150810","[1394366]"
"CBN-PdlC-C1-20150810","[1393708]"
"CBN-PdlC-F5-20150810","[1359511]"
"CBN-PdlC-E1-20150810","[1394366]"
"CBN-PdlC-A4-20150810","[1397475]"
"CBN-PdlC-D5-20150810","[1395807]"
"CBN-PdlC-A3-20150810","[1412857]"
"CBN-PdlC-D1-20150810","[1395807]"
"CBN-PdlC-F4-20150810","[1667445]"
"CBN-PdlC-B2-20150810","[1392747]"
"CBN-PdlC-D2-20150810","[1396898]"
"CBN-PdlC-F6-20150810","[1390793]"
"CBN-PdlC-E4-20150810","[1394366]"
"CBN-Pla-D2-20150811","[1388766]"
"CBN-Pla-E3-20150811","[1361141]"
"CBN-Pla-E5-20150811","[1361347]"
"CBN-Pla-D3-20150811","[1390793]"
"CBN-Pla-B3-20150811","[1391881]"
"CBN-Pla-C1-20150811","[1397528]"
"CBN-Pla-A4-20150811","[1395807, 1395870]"
"CBN-Pla-B1-20150811","[1395807]"
"CBN-Pla-A5-20150811","[1395870]"
"CBN-Pla-F6-20150811","[1361347]"
"CBN-Pla-C2-20150811","[1361347]"
"CBN-Pla-E4-20150811","[1396843]"
"CBN-Pla-C5-20150811","[1390899]"
"CBN-Pla-A6-20150811","[1395807]"
"CBN-Pla-D4-20150811","[1390208]"
"CBN-Pla-B2-20150811","[1394311]"
"CBN-Pla-A3-20150811","[1395870]"
"CBN-Pla-C3-20150811","[1390899]"
"CBN-Pla-B6-20150811","[1397528]"
"CBN-Pla-C4-20150811","[1395807]"
"CBN-Pla-A2-20150811","[1392541]"
"CBN-Pla-D1-20150811","[1394542]"
"CBN-Pla-F4-20150811","[1361347]"
"CBN-Pla-F3-20150811","[1361281]"
"CBN-Pla-D5-20150811","[1395807]"
"CBN-Pla-C6-20150811","[1395807]"
"CBN-Pla-F5-20150811","[1361347]"
"CBN-Pla-A1-20150811","[1395807]"
"CBN-Pla-E6-20150811","[1395870]"
"CBN-Pla-D6-20150811","[1390899]"
"CBN-Pla-B4-20150811","[1361141]"
"CBN-Pla-B5-20150811","[1395807]"
"CBN-PdlC-E2-20150831","[1395868]"
"CBN-PdlC-A5-20150831","[1397475, 1418612]"
"CBN-PdlC-C6-20150831","[1397528]"
"CBN-PdlC-D3-20150831","[1390793, 1412857]"
"CBN-PdlC-C1-20150831","[1392747]"
"CBN-PdlC-B4-20150831","[1397475]"
"CBN-PdlC-C2-20150831","[1412857]"
"CBN-PdlC-E1-20150831","[1395807]"
"CBN-PdlC-B6-20150831","[1395807]"
"CBN-PdlC-D6-20150831","[1395807]"
"CBN-PdlC-A1-20150831","[1392608, 1412857]"
"CBN-PdlC-F6-20150831","[1395807]"
"CBN-PdlC-B5-20150831","[1395807, 1397475]"
"CBN-PdlC-C3-20150831","[1391331]"
"CBN-PdlC-A2-20150831","[1396733]"
"CBN-PdlC-E3-20150831","[1392299]"
"CBN-PdlC-D2-20150831","[1412857]"
"CBN-PdlC-A6-20150831","[1741661]"
"CBN-PdlC-F1-20150831","[1395807]"
"CBN-PdlC-F2-20150831","[1395807]"
"CBN-PdlC-D5-20150831","[1395807]"
"CBN-PdlC-F5-20150831","[1390793, 1395807]"
"CBN-PdlC-A3-20150831","[1412857]"
"CBN-PdlC-B3-20150831","[1412857]"
"CBN-PdlC-F3-20150831","[1361347]"
"CBN-PdlC-C4-20150831","[1395807]"
"CBN-PdlC-E5-20150831","[1392608, 1395807]"
"CBN-PdlC-D1-20150831","[1395807]"
"CBN-PdlC-D4-20150831","[1395807]"
"CBN-PdlC-E6-20150831","[1395807]"
"CBN-PdlC-F4-20150831","[1392608]"
"CBN-PdlC-C5-20150831","[1395807]"
"CBN-PdlC-B1-20150831","[1392608, 1412857]"
"CBN-PdlC-A4-20150831","[1397475]"
"CBN-PdlC-B2-20150831","[1392608]"
"CBN-Pla-F2-20150901","[1359511]"
"CBN-Pla-F5-20150901","[1395718]"
"CBN-Pla-C1-20150901","[1361141]"
"CBN-Pla-E1-20150901","[1361141]"
"CBN-Pla-E3-20150901","[1361141]"
"CBN-Pla-B5-20150901","[1396094]"
"CBN-Pla-B4-20150901","[1390899]"
"CBN-Pla-B3-20150901","[1360140]"
"CBN-Pla-F3-20150901","[1361389]"
"CBN-Pla-D5-20150901","[1395807]"
"CBN-Pla-E6-20150901","[1395807]"
"CBN-Pla-A6-20150901","[1395807]"
"CBN-Pla-B2-20150901","[1390793]"
"CBN-Pla-F4-20150901","[1361347]"
"CBN-Pla-C6-20150901","[1395807]"
"CBN-Pla-D3-20150901","[1390793]"
"CBN-Pla-C2-20150901","[1361141]"
"CBN-Pla-B6-20150901","[1390793]"
"CBN-Pla-C4-20150901","[1666930]"
"CBN-Pla-D2-20150901","[1390899]"
"CBN-Pla-E5-20150901","[1361347]"
"CBN-Pla-D1-20150901","[1391120]"
"CBN-Pla-F1-20150901","[1361281]"
"CBN-Pla-A2-20150901","[1395807]"
"CBN-Pla-A4-20150901","[1395807]"
"CBN-Pla-E4-20150901","[1412857]"
"CBN-Pla-C3-20150901","[1397528]"
"CBN-Pla-D4-20150901","[1609716]"
"CBN-Pla-D6-20150901","[1395807]"
"CBN-Pla-F6-20150901","[1361347]"
"CBN-Pla-A3-20150901","[1395807]"
"CBN-Pla-B1-20150901","[1394366]"
"CBN-Pla-C5-20150901","[1388766]"
"CBN-Pla-A1-20150901","[1388766, 1395807]"
"CBN-Pla-E2-20150901","[1651485]"
"CBN-PdlC-E2-20160705","[1361347, 1395807]"
"CBN-PdlC-C6-20160705","[1391868]"
"CBN-PdlC-B5-20160705","[1395807, 1397475]"
"CBN-PdlC-E6-20160705","[1359511]"
"CBN-PdlC-B1-20160705","[1412857]"
"CBN-PdlC-C5-20160705","[1390793]"
"CBN-PdlC-E3-20160705","[1390793]"
"CBN-PdlC-E4-20160705","[1363741, 1395807]"
"CBN-PdlC-B6-20160705","[1395807]"
"CBN-PdlC-C1-20160705","[1519650]"
"CBN-PdlC-A6-20160705","[1397475]"
"CBN-PdlC-C2-20160705","[1388766]"
"CBN-PdlC-C4-20160705","[1418612]"
"CBN-PdlC-F1-20160705","[1392198]"
"CBN-PdlC-E5-20160705","[1397466]"
"CBN-PdlC-D5-20160705","[1361347, 1392608]"
"CBN-PdlC-D3-20160705","[1390793]"
"CBN-PdlC-B2-20160705","[1394366]"
"CBN-PdlC-E1-20160705","[1397528]"
"CBN-PdlC-F3-20160705","[1395807]"
"CBN-PdlC-A2-20160705","[1388766]"
"CBN-PdlC-D6-20160705","[1396969]"
"CBN-PdlC-D2-20160705","[1363053]"
"CBN-PdlC-A5-20160705","[1395807, 1397475]"
"CBN-PdlC-F2-20160705","[1395807]"
"CBN-PdlC-F6-20160705","[1390837]"
"CBN-PdlC-D4-20160705","[1398222]"
"CBN-PdlC-B3-20160705","[1412857]"
"CBN-PdlC-F4-20160705","[1392608]"
"CBN-PdlC-A1-20160705","[1392608]"
"CBN-PdlC-D1-20160705","[1395807]"
"CBN-PdlC-F5-20160705","[1392299]"
"CBN-PdlC-A3-20160705","[1412857]"
"CBN-PdlC-C3-20160705","[1361281]"
"CBN-PdlC-A4-20160705","[1397475]"
"CBN-Pla-A5-20160707","[1395807]"
"CBN-Pla-B1-20160707","[1738749]"
"CBN-Pla-B2-20160707","[1394311]"
"CBN-Pla-F1-20160707","[1395146]"
"CBN-Pla-A6-20160707","[1707089]"
"CBN-Pla-D5-20160707","[1395949]"
"CBN-Pla-F3-20160707","[1361141]"
"CBN-Pla-F5-20160707","[1390837]"
"CBN-Pla-D4-20160707","[1390899]"
"CBN-Pla-C2-20160707","[1390793]"
"CBN-Pla-A2-20160707","[1390793]"
"CBN-Pla-C6-20160707","[1390793]"
"CBN-Pla-E6-20160707","[1361347]"
"CBN-Pla-A3-20160707","[1396094]"
"CBN-Pla-F2-20160707","[1361347]"
"CBN-Pla-C1-20160707","[1390793]"
"CBN-Pla-B6-20160707","[1741880]"
"CBN-Pla-A4-20160707","[1741880]"
"CBN-Pla-A1-20160707","[1361347]"
"CBN-Pla-F4-20160707","[1394311]"
"CBN-Pla-B3-20160707","[1394530]"
"CBN-Pla-D3-20160707","[1395807]"
"CBN-Pla-E3-20160707","[1361347]"
"CBN-Pla-E2-20160707","[1361141]"
"CBN-Pla-E4-20160707","[1361141]"
"CBN-Pla-B4-20160707","[1609716]"
"CBN-Pla-E5-20160707","[1361281]"
"CBN-Pla-C3-20160707","[1390793]"
"CBN-Pla-E1-20160707","[1361347]"
"CBN-Pla-F6-20160707","[1390793]"
"CBN-Pla-C4-20160707","[1390899]"
"CBN-Pla-B5-20160707","[1396094]"
"CBN-Pla-C5-20160707","[1391797]"
"CBN-Pla-D1-20160707","[1396974]"
"CBN-Pla-D6-20160707","[1396733]"
"CBN-Pla-D2-20160707","[1390793]"
"CBN-PdlC-F1-20160726","[1395807]"
"CBN-PdlC-B4-20160726","[1397475]"
"CBN-PdlC-F5-20160726","[1396974]"
"CBN-PdlC-B1-20160726","[1392608]"
"CBN-PdlC-E5-20160726","[1396733]"
"CBN-PdlC-D2-20160726","[1390793]"
"CBN-PdlC-E3-20160726","[1392299]"
"CBN-PdlC-D1-20160726","[1395807]"
"CBN-PdlC-B3-20160726","[1388766]"
"CBN-PdlC-F3-20160726","[1361347]"
"CBN-PdlC-D3-20160726","[1390793]"
"CBN-PdlC-B5-20160726","[1395807]"
"CBN-PdlC-A6-20160726","[1360269]"
"CBN-PdlC-A3-20160726","[1388766]"
"CBN-PdlC-A1-20160726","[1392608]"
"CBN-PdlC-E4-20160726","[1361367]"
"CBN-PdlC-E6-20160726","[1395807]"
"CBN-PdlC-C6-20160726","[1359511, 1392747, 1395807]"
"CBN-PdlC-F6-20160726","[1390793]"
"CBN-PdlC-C3-20160726","[1361347]"
"CBN-PdlC-B6-20160726","[1395807]"
"CBN-PdlC-D5-20160726","[1392608]"
"CBN-PdlC-A5-20160726","[1395807]"
"CBN-PdlC-C5-20160726","[1395807]"
"CBN-PdlC-C2-20160726","[1395807]"
"CBN-PdlC-F2-20160726","[1391331, 1395807]"
"CBN-PdlC-E1-20160726","[1392608]"
"CBN-PdlC-B2-20160726","[1392608]"
"CBN-PdlC-C1-20160726","[1402995]"
"CBN-PdlC-E2-20160726","[1395807, 1412857]"
"CBN-PdlC-C4-20160726","[1395807]"
"CBN-PdlC-D6-20160726","[1392631]"
"CBN-PdlC-A4-20160726","[1397475]"
"CBN-PdlC-A2-20160726","[1395807]"
"CBN-PdlC-D4-20160726","[1395807]"
"CBN-PdlC-F4-20160726","[1392608, 1393660]"
"CBN-Pla-A4-20160728","[1394311]"
"CBN-Pla-C6-20160728","[1397123]"
"CBN-Pla-C3-20160728","[1397528]"
"CBN-Pla-A6-20160728","[1395807]"
"CBN-Pla-F3-20160728","[1361347]"
"CBN-Pla-A2-20160728","[1395870]"
"CBN-Pla-F5-20160728","[1394311]"
"CBN-Pla-E6-20160728","[1395807]"
"CBN-Pla-B3-20160728","[1396843]"
"CBN-Pla-C2-20160728","[1396839]"
"CBN-Pla-B5-20160728","[1390793]"
"CBN-Pla-E4-20160728","[1361347]"
"CBN-Pla-D5-20160728","[1390899]"
"CBN-Pla-D6-20160728","[1395870]"
"CBN-Pla-A1-20160728","[1395807]"
"CBN-Pla-D3-20160728","[1666930]"
"CBN-Pla-C4-20160728","[1609716]"
"CBN-Pla-B1-20160728","[1390793]"
"CBN-Pla-B2-20160728","[1721018]"
"CBN-Pla-E5-20160728","[1361347]"
"CBN-Pla-B6-20160728","[1360874]"
"CBN-Pla-C5-20160728","[1395807]"
"CBN-Pla-E1-20160728","[1361347]"
"CBN-Pla-A3-20160728","[1697384]"
"CBN-Pla-F4-20160728","[1392299]"
"CBN-Pla-C1-20160728","[1390793]"
"CBN-Pla-E2-20160728","[1361347]"
"CBN-Pla-F2-20160728","[1361347]"
"CBN-Pla-F6-20160728","[1361347]"
"CBN-Pla-A5-20160728","[1395807]"
"CBN-Pla-D1-20160728","[1390793]"
"CBN-Pla-E3-20160728","[1396843]"
"CBN-Pla-B4-20160728","[1397042]"
"CBN-Pla-D4-20160728","[1360269]"
"CBN-Pla-F1-20160728","[1741624]"
"CBN-Pla-D2-20160728","[1396974]"
"CBN-PdlC-E4-20170816","[1396857]"
"CBN-PdlC-F5-20170816","[1392305]"
"CBN-PdlC-F3-20170816","[1395807]"
"CBN-PdlC-B4-20170816","[1397475, 1741661]"
"CBN-PdlC-E6-20170816","[1395807]"
"CBN-PdlC-F4-20170816","[1395807]"
"CBN-PdlC-A2-20170816","[1396733]"
"CBN-PdlC-B3-20170816","[1412857]"
"CBN-PdlC-C1-20170816","[1361347, 1395807]"
"CBN-PdlC-C4-20170816","[1395807]"
"CBN-PdlC-D6-20170816","[1395807]"
"CBN-PdlC-C2-20170816","[1395807, 1412857]"
"CBN-PdlC-D1-20170816","[1395807]"
"CBN-PdlC-B2-20170816","[1392747]"
"CBN-PdlC-C3-20170816","[1395807]"
"CBN-PdlC-A4-20170816","[1397475]"
"CBN-PdlC-E3-20170816","[1395807]"
"CBN-PdlC-D5-20170816","[1361347, 1395807]"
"CBN-PdlC-D3-20170816","[1390793]"
"CBN-PdlC-C5-20170816","[1395807]"
"CBN-PdlC-D2-20170816","[1412857]"
"CBN-PdlC-E5-20170816","[1396261]"
"CBN-PdlC-E1-20170816","[1361347, 1395807]"
"CBN-PdlC-B1-20170816","[1392608, 1399923]"
"CBN-PdlC-A5-20170816","[1741661]"
"CBN-PdlC-B6-20170816","[1395807]"
"CBN-PdlC-C6-20170816","[1395807]"
"CBN-PdlC-A1-20170816","[1396843]"
"CBN-PdlC-E2-20170816","[1395807]"
"CBN-PdlC-F1-20170816","[1395807]"
"CBN-PdlC-D4-20170816","[1395807]"
"CBN-PdlC-B5-20170816","[1395807, 1397475]"
"CBN-PdlC-A3-20170816","[1412857]"
"CBN-PdlC-A6-20170816","[1397475]"
"CBN-PdlC-F6-20170816","[1390793]"
"CBN-PdlC-F1-20170906","[1395807]"
"CBN-PdlC-F6-20170906","[1390793]"
"CBN-PdlC-A1-20170906","[1392608, 1412857]"
"CBN-PdlC-C1-20170906","[1395807]"
"CBN-PdlC-E1-20170906","[1418688]"
"CBN-PdlC-F4-20170906","[1392608]"
"CBN-PdlC-C5-20170906","[1395807]"
"CBN-PdlC-D2-20170906","[1412857]"
"CBN-PdlC-A4-20170906","[1397475]"
"CBN-PdlC-A5-20170906","[1395807]"
"CBN-PdlC-E4-20170906","[1395807]"
"CBN-PdlC-B6-20170906","[1395807]"
"CBN-PdlC-E2-20170906","[1395807, 1412857]"
"CBN-PdlC-A3-20170906","[1412857]"
"CBN-PdlC-D3-20170906","[1390793]"
"CBN-PdlC-B1-20170906","[1392608, 1394438, 1412857]"
"CBN-PdlC-C3-20170906","[1395807]"
"CBN-PdlC-F5-20170906","[1390837]"
"CBN-PdlC-F3-20170906","[1666930]"
"CBN-PdlC-D4-20170906","[1395807]"
"CBN-PdlC-D6-20170906","[1395807]"
"CBN-PdlC-C4-20170906","[1395807]"
"CBN-PdlC-B4-20170906","[1397475]"
"CBN-PdlC-A6-20170906","[1397475]"
"CBN-PdlC-B2-20170906","[1392608]"
"CBN-PdlC-B5-20170906","[1395807]"
"CBN-PdlC-E5-20170906","[1395807]"
"CBN-PdlC-E6-20170906","[1361367]"
"CBN-PdlC-F2-20170906","[1395807]"
"CBN-PdlC-C6-20170906","[1392067]"
"CBN-PdlC-E3-20170906","[1362023]"
"CBN-PdlC-D5-20170906","[1395807]"
"CBN-PdlC-B3-20170906","[1394671]"
"CBN-PdlC-D1-20170906","[1395807]"
"CBN-PdlC-C2-20170906","[1396094]"
"CBN-PdlC-B1-20180702","[1390927]"
"CBN-PdlC-A6-20180702","[1397475]"
"CBN-PdlC-F1-20180702","[1395807]"
"CBN-PdlC-A4-20180702","[1397475]"
"CBN-PdlC-B6-20180702","[1394911]"
"CBN-PdlC-B3-20180702","[1397468]"
"CBN-PdlC-F4-20180702","[1395601]"
"CBN-PdlC-A2-20180702","[1361141]"
"CBN-PdlC-B2-20180702","[1360859]"
"CBN-PdlC-F2-20180702","[1393947]"
"CBN-PdlC-A3-20180702","[1743804]"
"CBN-PdlC-F5-20180702","[1361801]"
"CBN-PdlC-A1-20180702","[1394911]"
"CBN-PdlC-B5-20180702","[1391074]"
"CBN-PdlC-E5-20180702","[1420364]"
"CBN-PdlC-E6-20180702","[1667445]"
"CBN-PdlC-F3-20180702","[1391207]"
"CBN-PdlC-B4-20180702","[1397475]"
"CBN-PdlC-E1-20180702","[1394911]"
"CBN-PdlC-E2-20180702","[1394911]"
"CBN-PdlC-F6-20180702","[1390837]"
"CBN-PdlC-E4-20180702","[1395807]"
"CBN-PdlC-E3-20180702","[1392299]"
"CBN-PdlC-F1-20180723","[1395807]"
"CBN-PdlC-E2-20180723","[1394540, 1395868]"
"CBN-PdlC-D5-20180723","[1392608]"
"CBN-PdlC-F4-20180723","[1738627]"
"CBN-PdlC-B5-20180723","[1395807, 1397475]"
"CBN-PdlC-A2-20180723","[1393200]"
"CBN-PdlC-D3-20180723","[1394725]"
"CBN-PdlC-B4-20180723","[1395190, 1397475]"
"CBN-PdlC-E3-20180723","[1393687]"
"CBN-PdlC-C6-20180723","[1395807]"
"CBN-PdlC-F5-20180723","[1397423]"
"CBN-PdlC-F2-20180723","[1394540]"
"CBN-PdlC-C2-20180723","[1395807]"
"CBN-PdlC-F3-20180723","[1390208]"
"CBN-PdlC-F6-20180723","[1359511]"
"CBN-PdlC-A6-20180723","[1395190, 1395870, 1397475]"
"CBN-PdlC-B6-20180723","[1395807]"
"CBN-PdlC-D6-20180723","[1397043]"
"CBN-PdlC-C5-20180723","[1395807]"
"CBN-PdlC-E4-20180723","[1359511]"
"CBN-PdlC-B1-20180723","[1392608, 1412857]"
"CBN-PdlC-E5-20180723","[1363944]"
"CBN-PdlC-B3-20180723","[1394366]"
"CBN-PdlC-C3-20180723","[1395807]"
"CBN-PdlC-E6-20180723","[1392747]"
"CBN-PdlC-D2-20180723","[1395807]"
"CBN-PdlC-B2-20180723","[1392608, 1394311]"
"CBN-PdlC-A3-20180723","[1412857]"
"CBN-PdlC-A4-20180723","[1397475]"
"CBN-PdlC-C1-20180723","[1395807]"
"CBN-PdlC-C4-20180723","[1395807]"
"CBN-PdlC-D4-20180723","[1395807]"
"CBN-PdlC-E1-20180723","[1395807]"
"CBN-PdlC-D1-20180723","[1395807]"
"CBN-Pla-F4-20180724","[1396839]"
"CBN-Pla-A3-20180724","[1396094, 1418612]"
"CBN-Pla-D6-20180724","[1396839]"
"CBN-Pla-F6-20180724","[1361347]"
"CBN-Pla-E2-20180724","[1361141, 1390793]"
"CBN-Pla-B5-20180724","[1390904]"
"CBN-Pla-C5-20180724","[1390793]"
"CBN-Pla-A1-20180724","[1397475]"
"CBN-Pla-E6-20180724","[1390837]"
"CBN-Pla-A5-20180724","[1390793]"
"CBN-Pla-F3-20180724","[1390793]"
"CBN-Pla-F5-20180724","[1396839]"
"CBN-Pla-D1-20180724","[1390793]"
"CBN-Pla-A2-20180724","[1396094]"
"CBN-Pla-C6-20180724","[1390793]"
"CBN-Pla-B4-20180724","[1394311]"
"CBN-Pla-E5-20180724","[1361281]"
"CBN-Pla-D4-20180724","[1390874]"
"CBN-Pla-A6-20180724","[1390793]"
"CBN-Pla-C4-20180724","[1398222]"
"CBN-Pla-D3-20180724","[1390793]"
"CBN-Pla-D2-20180724","[1361281]"
"CBN-Pla-E4-20180724","[1390793]"
"CBN-Pla-B1-20180724","[1744504]"
"CBN-Pla-B3-20180724","[1396839]"
"CBN-Pla-A4-20180724","[1361281]"
"CBN-Pla-C3-20180724","[1361281]"
"CBN-Pla-C2-20180724","[1390904]"
"CBN-Pla-F1-20180724","[1390793]"
"CBN-Pla-B2-20180724","[1396839]"
"CBN-Pla-D5-20180724","[1390793]"
"CBN-Pla-F2-20180724","[1737693]"
"CBN-Pla-E3-20180724","[1396839]"
"CBN-PdlC-A1-20180815","[1392608]"
"CBN-PdlC-B3-20180815","[1402995]"
"CBN-PdlC-E6-20180815","[1359511]"
"CBN-PdlC-F3-20180815","[1666930]"
"CBN-PdlC-E3-20180815","[1392299]"
"CBN-PdlC-F1-20180815","[1395807]"
"CBN-PdlC-D4-20180815","[1392747]"
"CBN-PdlC-B4-20180815","[1397475]"
"CBN-PdlC-D2-20180815","[1394643]"
"CBN-PdlC-A5-20180815","[1395807]"
"CBN-PdlC-D1-20180815","[1395807]"
"CBN-PdlC-F5-20180815","[1361141]"
"CBN-PdlC-B5-20180815","[1394366]"
"CBN-PdlC-A6-20180815","[1392631]"
"CBN-PdlC-C6-20180815","[1363016]"
"CBN-PdlC-B2-20180815","[1360299]"
"CBN-PdlC-E4-20180815","[1397430]"
"CBN-PdlC-E5-20180815","[1396253]"
"CBN-PdlC-E2-20180815","[1395807]"
"CBN-PdlC-E1-20180815","[1392747]"
"CBN-PdlC-B1-20180815","[1360299, 1412857]"
"CBN-PdlC-A4-20180815","[1397475]"
"CBN-PdlC-A3-20180815","[1727501]"
"CBN-PdlC-D6-20180815","[1727501]"
"CBN-PdlC-C2-20180815","[1396094]"
"CBN-PdlC-D5-20180815","[1394366]"
"CBN-PdlC-C5-20180815","[1395807]"
"CBN-PdlC-C3-20180815","[1402995]"
"CBN-PdlC-C4-20180815","[1395807]"
"CBN-PdlC-A2-20180815","[1395807]"
"CBN-PdlC-F6-20180815","[1361141]"
"CBN-PdlC-C1-20180815","[1392747]"
"CBN-PdlC-F4-20180815","[1393687]"
"CBN-PdlC-D3-20180815","[1609716]"
"CBN-PdlC-F2-20180815","[1395807]"
"CBN-Pla-B4-20180816","[1360874]"
"CBN-Pla-C5-20180816","[1361141]"
"CBN-Pla-E3-20180816","[1390793]"
"CBN-Pla-F4-20180816","[1392299]"
"CBN-Pla-E2-20180816","[1389929]"
"CBN-Pla-F2-20180816","[1741624]"
"CBN-Pla-A4-20180816","[1395807]"
"CBN-Pla-C4-20180816","[1390899]"
"CBN-Pla-E6-20180816","[1395807]"
"CBN-Pla-B6-20180816","[1390793]"
"CBN-Pla-F1-20180816","[1741624]"
"CBN-Pla-E5-20180816","[1392299]"
"CBN-Pla-F5-20180816","[1390872]"
"CBN-Pla-B2-20180816","[1396733]"
"CBN-Pla-E1-20180816","[1394840]"
"CBN-Pla-C6-20180816","[1395807]"
"CBN-Pla-D2-20180816","[1396974]"
"CBN-Pla-A6-20180816","[1390793]"
"CBN-Pla-C1-20180816","[1394898]"
"CBN-Pla-C2-20180816","[1361347]"
"CBN-Pla-D5-20180816","[1395807]"
"CBN-Pla-B3-20180816","[1390793]"
"CBN-Pla-B1-20180816","[1738749]"
"CBN-Pla-F3-20180816","[1361141]"
"CBN-Pla-F6-20180816","[1361347]"
"CBN-Pla-A1-20180816","[1361141]"
"CBN-Pla-E4-20180816","[1361141]"
"CBN-Pla-D1-20180816","[1390793]"
"CBN-Pla-D3-20180816","[1395870]"
"CBN-Pla-B5-20180816","[1394540]"
"CBN-Pla-A2-20180816","[1396974]"
"CBN-Pla-D4-20180816","[1609716]"
"CBN-Pla-A3-20180816","[1395807]"
"CBN-Pla-C3-20180816","[1395807]"
"CBN-Pla-A5-20180816","[1360269]"
"CBN-Pla-D6-20180816","[1697384]"
"CBN-PdlC-D2-20180905","[1395807, 1412857]"
"CBN-PdlC-E1-20180905","[1392299]"
"CBN-PdlC-D3-20180905","[1412857]"
"CBN-PdlC-B4-20180905","[1397475]"
"CBN-PdlC-B3-20180905","[1412857, 1738749]"
"CBN-PdlC-D6-20180905","[1395807]"
"CBN-PdlC-A3-20180905","[1412857]"
"CBN-PdlC-B2-20180905","[1392608]"
"CBN-PdlC-A1-20180905","[1362331, 1392608, 1412857]"
"CBN-PdlC-A5-20180905","[1395807]"
"CBN-PdlC-A6-20180905","[1397475, 1741661]"
"CBN-PdlC-A2-20180905","[1395807]"
"CBN-PdlC-F1-20180905","[1395807]"
"CBN-PdlC-A4-20180905","[1397475]"
"CBN-PdlC-B1-20180905","[1392608, 1412857]"
"CBN-PdlC-E2-20180905","[1361347, 1395807]"
"CBN-PdlC-F2-20180905","[1395807, 1412857, 1666930]"
"CBN-PdlC-F3-20180905","[1394311]"
"CBN-PdlC-D1-20180905","[1395807]"
"CBN-PdlC-C5-20180905","[1395807]"
"CBN-PdlC-C6-20180905","[1395807]"
"CBN-PdlC-F6-20180905","[1390793]"
"CBN-PdlC-F4-20180905","[1395807]"
"CBN-PdlC-F5-20180905","[1390793]"
"CBN-PdlC-D5-20180905","[1395807]"
"CBN-PdlC-E6-20180905","[1363736]"
"CBN-PdlC-B5-20180905","[1395807, 1397475]"
"CBN-PdlC-E5-20180905","[1396261]"
"CBN-PdlC-B6-20180905","[1395807]"
"CBN-PdlC-E4-20180905","[1393665]"
"CBN-PdlC-C1-20180905","[1395807]"
"CBN-PdlC-E3-20180905","[1392299]"
"CBN-PdlC-C2-20180905","[1395807]"
"CBN-PdlC-C3-20180905","[1395807]"
"CBN-PdlC-C4-20180905","[1395807]"
"CBN-PdlC-D4-20180905","[1395807]"
"CBN-Pla-E2-20180906","[1396843]"
"CBN-Pla-C6-20180906","[1395807]"
"CBN-Pla-D2-20180906","[1361141]"
"CBN-Pla-A5-20180906","[1609716]"
"CBN-Pla-A2-20180906","[1390802]"
"CBN-Pla-C2-20180906","[1390793]"
"CBN-Pla-C3-20180906","[1391120]"
"CBN-Pla-A4-20180906","[1361347]"
"CBN-Pla-E4-20180906","[1396843]"
"CBN-Pla-B3-20180906","[1397528]"
"CBN-Pla-E1-20180906","[1361141]"
"CBN-Pla-C5-20180906","[1395807]"
"CBN-Pla-D1-20180906","[1395807]"
"CBN-Pla-E3-20180906","[1361367]"
"CBN-Pla-F4-20180906","[1396839]"
"CBN-Pla-B4-20180906","[1395807]"
"CBN-Pla-C1-20180906","[1394671]"
"CBN-Pla-F6-20180906","[1388915]"
"CBN-Pla-B6-20180906","[1392299]"
"CBN-Pla-D5-20180906","[1397528]"
"CBN-Pla-C4-20180906","[1609716]"
"CBN-Pla-B5-20180906","[1390793]"
"CBN-Pla-D3-20180906","[1395807]"
"CBN-Pla-D6-20180906","[1395807]"
"CBN-Pla-F1-20180906","[1728573]"
"CBN-Pla-F3-20180906","[1361347]"
"CBN-Pla-E5-20180906","[1361347]"
"CBN-Pla-B1-20180906","[1390793]"
"CBN-Pla-A1-20180906","[1666930]"
"CBN-Pla-D4-20180906","[1609716]"
"CBN-Pla-A3-20180906","[1397528]"
"CBN-Pla-E6-20180906","[1392299]"
"CBN-Pla-B2-20180906","[1397528]"
"CBN-Pla-A6-20180906","[1396733]"
"CBN-Pla-F5-20180906","[1392299]"
"CBN-Pla-F2-20180906","[1361347]"
"CBN-PdlC-A3-20190701","[1397528]"
"CBN-PdlC-D4-20190701","[1360307]"
"CBN-PdlC-D6-20190701","[1419109]"
"CBN-PdlC-C1-20190701","[1609716]"
"CBN-PdlC-F2-20190701","[1395807]"
"CBN-PdlC-E3-20190701","[1395807]"
"CBN-PdlC-D3-20190701","[1647128]"
"CBN-PdlC-F1-20190701","[1395807]"
"CBN-PdlC-B1-20190701","[1395949]"
"CBN-PdlC-C5-20190701","[1393473]"
"CBN-PdlC-A4-20190701","[1397475]"
"CBN-PdlC-B5-20190701","[1737701]"
"CBN-PdlC-A2-20190701","[1396332]"
"CBN-PdlC-A6-20190701","[1397475]"
"CBN-PdlC-C3-20190701","[1393306]"
"CBN-PdlC-E1-20190701","[1360874]"
"CBN-PdlC-D5-20190701","[1394911]"
"CBN-PdlC-F3-20190701","[1396094]"
"CBN-PdlC-C2-20190701","[1393473]"
"CBN-PdlC-E4-20190701","[1395807]"
"CBN-PdlC-B2-20190701","[1394366]"
"CBN-PdlC-B6-20190701","[1394911]"
"CBN-PdlC-F4-20190701","[1420364]"
"CBN-PdlC-D1-20190701","[1394911]"
"CBN-PdlC-D2-20190701","[1390532]"
"CBN-PdlC-B4-20190701","[1397475]"
"CBN-PdlC-C6-20190701","[1391476]"
"CBN-PdlC-B3-20190701","[1390899]"
"CBN-PdlC-A1-20190701","[1360874]"
"CBN-PdlC-C4-20190701","[1412857]"
"CBN-PdlC-E2-20190701","[1395807]"
"CBN-PdlC-F5-20190722","[1392323]"
"CBN-PdlC-D4-20190722","[1395807]"
"CBN-PdlC-F6-20190722","[1390793]"
"CBN-PdlC-D6-20190722","[1395807]"
"CBN-PdlC-D3-20190722","[1647128]"
"CBN-PdlC-D2-20190722","[1361347]"
"CBN-PdlC-C5-20190722","[1362396, 1395807]"
"CBN-PdlC-C6-20190722","[1388766]"
"CBN-PdlC-C4-20190722","[1395807]"
"CBN-PdlC-F3-20190722","[1395807]"
"CBN-PdlC-C3-20190722","[1396974]"
"CBN-PdlC-C2-20190722","[1395807]"
"CBN-PdlC-D1-20190722","[1395807]"
"CBN-PdlC-B5-20190722","[1395807]"
"CBN-PdlC-B6-20190722","[1394366]"
"CBN-PdlC-A3-20190722","[1360874, 1393200]"
"CBN-PdlC-A2-20190722","[1393224]"
"CBN-PdlC-C1-20190722","[1395807]"
"CBN-PdlC-D5-20190722","[1392535]"
"CBN-PdlC-E5-20190722","[1395807]"
"CBN-PdlC-E6-20190722","[1390793]"
"CBN-PdlC-B3-20190722","[1412857]"
"CBN-PdlC-B4-20190722","[1397475]"
"CBN-PdlC-F4-20190722","[1392608]"
"CBN-PdlC-A1-20190722","[1396974]"
"CBN-PdlC-B1-20190722","[1392608, 1394866]"
"CBN-PdlC-A6-20190722","[1395190]"
"CBN-PdlC-A4-20190722","[1397475]"
"CBN-PdlC-B2-20190722","[1392608]"
"CBN-Pla-B1-20190723","[1397528]"
"CBN-Pla-F3-20190723","[1361281]"
"CBN-Pla-F5-20190723","[1391120]"
"CBN-Pla-B6-20190723","[1390793]"
"CBN-Pla-F1-20190723","[1395940]"
"CBN-Pla-C5-20190723","[1395807]"
"CBN-Pla-B3-20190723","[1390793]"
"CBN-Pla-E4-20190723","[1361141]"
"CBN-Pla-C2-20190723","[1396094]"
"CBN-Pla-B2-20190723","[1390899]"
"CBN-Pla-D5-20190723","[1395807]"
"CBN-Pla-A4-20190723","[1395807]"
"CBN-Pla-E2-20190723","[1361141]"
"CBN-Pla-C4-20190723","[1395807]"
"CBN-Pla-B4-20190723","[1402995]"
"CBN-Pla-A2-20190723","[1395807]"
"CBN-Pla-E6-20190723","[1395807]"
"CBN-Pla-E1-20190723","[1391331]"
"CBN-Pla-C1-20190723","[1394911]"
"CBN-Pla-D6-20190723","[1394366]"
"CBN-Pla-A3-20190723","[1393810]"
"CBN-Pla-C6-20190723","[1396094]"
"CBN-Pla-F2-20190723","[1737507]"
"CBN-Pla-D4-20190723","[1397528]"
"CBN-Pla-D1-20190723","[1360748]"
"CBN-Pla-F4-20190723","[1412857]"
"CBN-Pla-A5-20190723","[1395870]"
"CBN-Pla-E5-20190723","[1361281]"
"CBN-Pla-A1-20190723","[1395807]"
"CBN-Pla-D3-20190723","[1392747]"
"CBN-Pla-D2-20190723","[1390793]"
"CBN-Pla-F6-20190723","[1396843]"
"CBN-Pla-A6-20190723","[1395807]"
"CBN-Pla-B5-20190723","[1394366]"
"CBN-Pla-E3-20190723","[1391331]"
"CBN-Pla-C3-20190723","[1390899]"
"CBN-PdlC-C2-20190812","[1388766, 1395807]"
"CBN-PdlC-C3-20190812","[1397528]"
"CBN-PdlC-D1-20190812","[1395807, 1396253]"
"CBN-PdlC-E3-20190812","[1396253]"
"CBN-PdlC-B2-20190812","[1360299]"
"CBN-PdlC-D5-20190812","[1395807]"
"CBN-PdlC-E4-20190812","[1393407]"
"CBN-PdlC-B1-20190812","[1392608, 1412857]"
"CBN-PdlC-E1-20190812","[1360299]"
"CBN-PdlC-C1-20190812","[1395807]"
"CBN-PdlC-F5-20190812","[1390793]"
"CBN-PdlC-A1-20190812","[1392608]"
"CBN-PdlC-B6-20190812","[1395807]"
"CBN-PdlC-F3-20190812","[1391207]"
"CBN-PdlC-B5-20190812","[1395807, 1397475]"
"CBN-PdlC-F4-20190812","[1360299]"
"CBN-PdlC-C6-20190812","[1392608]"
"CBN-PdlC-E6-20190812","[1361367]"
"CBN-PdlC-B4-20190812","[1392553, 1395870, 1397475]"
"CBN-PdlC-A2-20190812","[1393224]"
"CBN-PdlC-F1-20190812","[1395807]"
"CBN-PdlC-D4-20190812","[1395807]"
"CBN-PdlC-F6-20190812","[1390793]"
"CBN-PdlC-A4-20190812","[1397475]"
"CBN-PdlC-D6-20190812","[1395807]"
"CBN-PdlC-F2-20190812","[1412857]"
"CBN-PdlC-D3-20190812","[1647128]"
"CBN-PdlC-A6-20190812","[1397475]"
"CBN-PdlC-A3-20190812","[1412857]"
"CBN-PdlC-E5-20190812","[1360299]"
"CBN-PdlC-C5-20190812","[1395807]"
"CBN-PdlC-E2-20190812","[1395807]"
"CBN-PdlC-B3-20190812","[1412857]"
"CBN-PdlC-D2-20190812","[1412857]"
"CBN-PdlC-C4-20190812","[1396858]"
"CBN-Pla-E2-20190814","[1647128]"
"CBN-Pla-E3-20190814","[1361141]"
"CBN-Pla-D1-20190814","[1390793]"
"CBN-Pla-F2-20190814","[1394840]"
"CBN-Pla-A1-20190814","[1391480]"
"CBN-Pla-E5-20190814","[1360140]"
"CBN-Pla-A2-20190814","[1395807]"
"CBN-Pla-E6-20190814","[1392299]"
"CBN-Pla-C4-20190814","[1395807]"
"CBN-Pla-A4-20190814","[1395868]"
"CBN-Pla-D3-20190814","[1390793]"
"CBN-Pla-A5-20190814","[1395870]"
"CBN-Pla-E4-20190814","[1361141]"
"CBN-Pla-F5-20190814","[1396974]"
"CBN-Pla-E1-20190814","[1647128]"
"CBN-Pla-A3-20190814","[1395807]"
"CBN-Pla-A6-20190814","[1391881]"
"CBN-Pla-D6-20190814","[1395807]"
"CBN-Pla-D4-20190814","[1666930]"
"CBN-Pla-D5-20190814","[1397528]"
"CBN-Pla-B6-20190814","[1394311]"
"CBN-Pla-C1-20190814","[1392299]"
"CBN-Pla-B3-20190814","[1361141]"
"CBN-Pla-B5-20190814","[1391207]"
"CBN-Pla-C3-20190814","[1395807]"
"CBN-Pla-C2-20190814","[1392299]"
"CBN-Pla-F6-20190814","[1361347]"
"CBN-Pla-B4-20190814","[1395807]"
"CBN-Pla-F1-20190814","[1361141]"
"CBN-Pla-B1-20190814","[1398471]"
"CBN-Pla-F3-20190814","[1722435]"
"CBN-Pla-C5-20190814","[1390899]"
"CBN-Pla-D2-20190814","[1361347]"
"CBN-Pla-C6-20190814","[1394540]"
"CBN-Pla-F4-20190814","[1361347]"
"CBN-Pla-B2-20190814","[1390793]"
"CBN-PdlC-F1-20190909","[1361347]"
"CBN-PdlC-A3-20190909","[1412857]"
"CBN-PdlC-A2-20190909","[1395807]"
"CBN-PdlC-A1-20190909","[1412857]"
"CBN-PdlC-C1-20190909","[1361347]"
"CBN-PdlC-D6-20190909","[1360269, 1395807]"
"CBN-PdlC-E3-20190909","[1361281]"
"CBN-PdlC-E1-20190909","[1392608]"
"CBN-PdlC-E5-20190909","[1392608]"
"CBN-PdlC-F2-20190909","[1395807]"
"CBN-PdlC-F4-20190909","[1392608]"
"CBN-PdlC-E2-20190909","[1395807]"
"CBN-PdlC-F3-20190909","[1361347]"
"CBN-PdlC-E4-20190909","[1363409]"
"CBN-PdlC-F6-20190909","[1390793]"
"CBN-PdlC-F5-20190909","[1390793]"
"CBN-PdlC-E6-20190909","[1395807]"
"CBN-PdlC-A4-20190909","[1397475]"
"CBN-PdlC-A5-20190909","[1397500]"
"CBN-PdlC-A6-20190909","[1397475]"
"CBN-PdlC-D5-20190909","[1395807]"
"CBN-PdlC-C4-20190909","[1395807]"
"CBN-PdlC-C5-20190909","[1395807]"
"CBN-PdlC-D1-20190909","[1395807]"
"CBN-PdlC-D2-20190909","[1412857]"
"CBN-PdlC-C3-20190909","[1395807]"
"CBN-PdlC-D4-20190909","[1395807]"
"CBN-PdlC-D3-20190909","[1397593]"
"CBN-PdlC-C2-20190909","[1395807]"
"CBN-PdlC-B3-20190909","[1412857]"
"CBN-PdlC-B6-20190909","[1395807]"
"CBN-PdlC-B5-20190909","[1395807]"
"CBN-PdlC-B4-20190909","[1397475]"
"CBN-PdlC-B2-20190909","[1360299]"
"CBN-PdlC-C6-20190909","[1395807, 1609716]"
"CBN-PdlC-B1-20190909","[1412857]"
"CBN-PdlC-F6-20200629","[1390793]"
"CBN-PdlC-A3-20200629","[1391412]"
"CBN-PdlC-E2-20200629","[1707089]"
"CBN-PdlC-E4-20200629","[1396060]"
"CBN-PdlC-A4-20200629","[1397475]"
"CBN-PdlC-F2-20200629","[1393947]"
"CBN-PdlC-B5-20200629","[1397475]"
"CBN-PdlC-B2-20200629","[1396045]"
"CBN-PdlC-E1-20200629","[1396843]"
"CBN-PdlC-E3-20200629","[1737507]"
"CBN-PdlC-B1-20200629","[1361382]"
"CBN-PdlC-E6-20200629","[1396971]"
"CBN-PdlC-F1-20200629","[1395807]"
"CBN-PdlC-B4-20200629","[1397475]"
"CBN-PdlC-A2-20200629","[1531145]"
"CBN-PdlC-B6-20200629","[1397475]"
"CBN-PdlC-A1-20200629","[1399772]"
"CBN-PdlC-E5-20200629","[1393200]"
"CBN-PdlC-F4-20200629","[1394663]"
"CBN-PdlC-F5-20200629","[1390837]"
"CBN-PdlC-B3-20200629","[1356355]"
"CBN-PdlC-F3-20200629","[1395807]"
"CBN-Pla-F1-20200630","[1396839]"
"CBN-Pla-E4-20200630","[1396839]"
"CBN-Pla-E3-20200630","[1418612]"
"CBN-Pla-E2-20200630","[1390874]"
"CBN-Pla-B1-20200630","[1393473]"
"CBN-Pla-A1-20200630","[1390904]"
"CBN-Pla-E1-20200630","[1396839]"
"CBN-Pla-F3-20200630","[1356418]"
"CBN-Pla-F4-20200630","[1609716]"
"CBN-Pla-F2-20200630","[1609716]"
"CBN-Pla-E5-20200630","[1744166]"
"CBN-PdlC-C4-20200722","[1395807, 1402995]"
"CBN-PdlC-E4-20200722","[1392059]"
"CBN-PdlC-F2-20200722","[1395807]"
"CBN-PdlC-C3-20200722","[1363741]"
"CBN-PdlC-C1-20200722","[1359511]"
"CBN-PdlC-E5-20200722","[1392608]"
"CBN-PdlC-B6-20200722","[1395807]"
"CBN-PdlC-B3-20200722","[1397500]"
"CBN-PdlC-B4-20200722","[1395190, 1397475]"
"CBN-PdlC-F1-20200722","[1395807]"
"CBN-PdlC-B1-20200722","[1392608]"
"CBN-PdlC-A6-20200722","[1395190, 1397475]"
"CBN-PdlC-C2-20200722","[1395807]"
"CBN-PdlC-C6-20200722","[1395807]"
"CBN-PdlC-C5-20200722","[1359511]"
"CBN-PdlC-B5-20200722","[1395807]"
"CBN-PdlC-E3-20200722","[1362331]"
"CBN-PdlC-E6-20200722","[1395807]"
"CBN-PdlC-D2-20200722","[1395807]"
"CBN-PdlC-F3-20200722","[1361347]"
"CBN-PdlC-A4-20200722","[1397475]"
"CBN-PdlC-F6-20200722","[1390793]"
"CBN-PdlC-A1-20200722","[1392608]"
"CBN-PdlC-F5-20200722","[1390793]"
"CBN-PdlC-A2-20200722","[1394540]"
"CBN-PdlC-F4-20200722","[1392608]"
"CBN-PdlC-A3-20200722","[1394366]"
"CBN-PdlC-D1-20200722","[1395807]"
"CBN-PdlC-B2-20200722","[1392608]"
"CBN-PdlC-D6-20200722","[1395807]"
"CBN-PdlC-A5-20200722","[1395807]"
"CBN-PdlC-D5-20200722","[1390793]"
"CBN-PdlC-E1-20200722","[1392608]"
"CBN-PdlC-D4-20200722","[1397471]"
"CBN-PdlC-D3-20200722","[1396869]"
"CBN-PdlC-E2-20200722","[1395807]"
"CBN-Pla-E6-20200723","[1395807]"
"CBN-Pla-A2-20200723","[1395807]"
"CBN-Pla-A1-20200723","[1394542]"
"CBN-Pla-B5-20200723","[1395807]"
"CBN-Pla-B4-20200723","[1395807]"
"CBN-Pla-B3-20200723","[1361141]"
"CBN-Pla-B2-20200723","[1390793]"
"CBN-Pla-D3-20200723","[1361141]"
"CBN-Pla-A6-20200723","[1395807]"
"CBN-Pla-A5-20200723","[1395870]"
"CBN-Pla-F4-20200723","[1412857]"
"CBN-Pla-A4-20200723","[1361347, 1395870]"
"CBN-Pla-F5-20200723","[1396839]"
"CBN-Pla-A3-20200723","[1697384]"
"CBN-Pla-B1-20200723","[1738749]"
"CBN-Pla-B6-20200723","[1361347]"
"CBN-Pla-F3-20200723","[1388766]"
"CBN-Pla-C1-20200723","[1392066]"
"CBN-Pla-F1-20200723","[1397161]"
"CBN-Pla-F2-20200723","[1359511]"
"CBN-Pla-C6-20200723","[1395807]"
"CBN-Pla-D1-20200723","[1361367]"
"CBN-Pla-C4-20200723","[1395807]"
"CBN-Pla-D2-20200723","[1395807]"
"CBN-Pla-C2-20200723","[1392299]"
"CBN-Pla-D4-20200723","[1390793]"
"CBN-Pla-D5-20200723","[1609716]"
"CBN-Pla-C5-20200723","[1395807]"
"CBN-Pla-F6-20200723","[1361347]"
"CBN-Pla-E1-20200723","[1391120, 1741624]"
"CBN-Pla-E2-20200723","[1361367]"
"CBN-Pla-E3-20200723","[1697487]"
"CBN-Pla-E4-20200723","[1396974]"
"CBN-Pla-E5-20200723","[1361347]"
"CBN-Pla-C3-20200723","[1395807]"
"CBN-Pla-D6-20200723","[1395807, 1395870]"
"CBN-PdlC-B6-20200812","[1395807]"
"CBN-PdlC-C5-20200812","[1395807]"
"CBN-PdlC-E3-20200812","[1363409]"
"CBN-PdlC-E2-20200812","[1396094]"
"CBN-PdlC-E5-20200812","[1392608, 1395807]"
"CBN-PdlC-D3-20200812","[1359995, 1647128]"
"CBN-PdlC-D6-20200812","[1396858]"
"CBN-PdlC-D2-20200812","[1395807]"
"CBN-PdlC-C3-20200812","[1395807]"
"CBN-PdlC-D4-20200812","[1395807]"
"CBN-PdlC-C4-20200812","[1395807]"
"CBN-PdlC-D1-20200812","[1395807]"
"CBN-PdlC-E1-20200812","[1392608]"
"CBN-PdlC-C6-20200812","[1363736]"
"CBN-PdlC-E6-20200812","[1395807, 1721018]"
"CBN-PdlC-D5-20200812","[1362482]"
"CBN-PdlC-F1-20200812","[1361141]"
"CBN-PdlC-E4-20200812","[1395807]"
"CBN-PdlC-F3-20200812","[1395807]"
"CBN-PdlC-B4-20200812","[1397475]"
"CBN-PdlC-B3-20200812","[1361367]"
"CBN-PdlC-B2-20200812","[1360299, 1392608]"
"CBN-PdlC-B1-20200812","[1392608]"
"CBN-PdlC-A3-20200812","[1412857]"
"CBN-PdlC-A4-20200812","[1397475]"
"CBN-PdlC-A2-20200812","[1395807]"
"CBN-PdlC-F2-20200812","[1395807]"
"CBN-PdlC-A6-20200812","[1397475]"
"CBN-PdlC-B5-20200812","[1395807, 1397475]"
"CBN-PdlC-C1-20200812","[1359511]"
"CBN-PdlC-C2-20200812","[1395807]"
"CBN-PdlC-F6-20200812","[1390793]"
"CBN-PdlC-F5-20200812","[1396857]"
"CBN-PdlC-F4-20200812","[1393687]"
"CBN-PdlC-A1-20200812","[1392608, 1395807, 1412857]"
"CBN-Pla-A4-20200814","[1394366]"
"CBN-Pla-A5-20200814","[1390793, 1395807]"
"CBN-Pla-A6-20200814","[1396094]"
"CBN-Pla-B1-20200814","[1396839]"
"CBN-Pla-B2-20200814","[1390793]"
"CBN-Pla-B3-20200814","[1666930]"
"CBN-Pla-A2-20200814","[1361141]"
"CBN-Pla-C2-20200814","[1356359]"
"CBN-Pla-B6-20200814","[1390793]"
"CBN-Pla-C1-20200814","[1361141]"
"CBN-Pla-C3-20200814","[1390793]"
"CBN-Pla-C4-20200814","[1390899]"
"CBN-Pla-C5-20200814","[1394311]"
"CBN-Pla-C6-20200814","[1360874]"
"CBN-Pla-A3-20200814","[1395807]"
"CBN-Pla-B5-20200814","[1390793]"
"CBN-Pla-B4-20200814","[1666930]"
"CBN-Pla-D2-20200814","[1394542]"
"CBN-Pla-D1-20200814","[1390899]"
"CBN-Pla-A1-20200814","[1609716]"
"CBN-Pla-D3-20200814","[1361141]"
"CBN-Pla-F4-20200814","[1412857]"
"CBN-Pla-F3-20200814","[1412857]"
"CBN-Pla-F2-20200814","[1359511]"
"CBN-Pla-D6-20200814","[1395807]"
"CBN-Pla-E5-20200814","[1390793]"
"CBN-Pla-F5-20200814","[1361347]"
"CBN-Pla-E3-20200814","[1651485]"
"CBN-Pla-E2-20200814","[1362592]"
"CBN-Pla-E1-20200814","[1391207]"
"CBN-Pla-D4-20200814","[1397500]"
"CBN-Pla-F1-20200814","[1361141]"
"CBN-Pla-E6-20200814","[1388766]"
"CBN-Pla-F6-20200814","[1361141]"
"CBN-Pla-E4-20200814","[1361367]"
"LISAH-JAS-1-27-20220505","[1359322, 1361307]"
"LISAH-JAS-1-25-20220505","[1363791]"
"LISAH-JAS-1-5-20220505","[1397048]"
"LISAH-JAS-0-17-20220505","[1363738]"
"LISAH-JAS-0-16-20220505","[1359519]"
"LISAH-JAS-0-15-20220505","[1359519]"
"LISAH-JAS-0-9-20220505","[1397048]"
"LISAH-JAS-0-12-20220505","[1359519]"
"LISAH-JAS-0-11-20220505","[1357875]"
"LISAH-JAS-0-7-20220505","[1364138]"
"LISAH-JAS-0-6-20220505","[1364138]"
"LISAH-JAS-0-2-20220505","[1356111]"
"LISAH-JAS-0-1-20220505","[1357538]"
"LISAH-JAS-0-13-20220505","[1363738]"
"LISAH-JAS-1-28-20220505","[1363740]"
"LISAH-PEC-0-0-20220608","[1396055]"
"LISAH-PEC-0-6-20220608","[1743403]"
"LISAH-PEC-2-0-20220609","[1361307]"
"LISAH-PEC-2-2-20220609","[1361307]"
"LISAH-PEC-2-4-20220609","[1361307, 1422217]"
"LISAH-PEC-2-5-20220609","[1355881]"
"LISAH-PEC-2-6-20220609","[1422218]"
"LISAH-PEC-2-11-20220609","[1357351]"
"LISAH-PEC-1-13-20230405","[1363878]"
"LISAH-PEC-0-8-20230405","[1363878]"
"LISAH-PEC-0-10-20230405","[1398824]"
"LISAH-PEC-0-11-20230405","[1360120]"
"LISAH-PEC-0-4-20230407","[1395150]"
"LISAH-PEC-3-20-20230407","[1363676]"
"LISAH-PEC-3-16-20230407","[1363676]"
"LISAH-PEC-3-10-20230407","[1363676]"
"LISAH-PEC-1-18-20230407","[1363878]"
"LISAH-PEC-2-5-20230407","[1358321]"
"LISAH-PEC-2-17-20230407","[1355994]"
"LISAH-PEC-2-20-20230407","[1389525]"
"LISAH-PEC-0-14-20230407","[1395553]"
"LISAH-PEC-0-15-20230407","[1392158]"
"LISAH-PEC-0-20-20230411","[1392699]"
"LISAH-PEC-0-18-20230411","[1360207]"
"LISAH-PEC-0-13-20230411","[1358255]"
"LISAH-PEC-0-12-20230411","[1356418]"
"LISAH-PEC-0-11-20230411","[1743235]"
"LISAH-PEC-0-6-20230411","[1398699]"
"LISAH-PEC-0-1-20230411","[1363945]"
"LISAH-PEC-0-9-20230411","[1741690]"
"LISAH-PEC-0-4-20230411","[1359665]"
"LISAH-PEC-0-9-20230413","[1357598]"
"LISAH-PEC-0-13-20230413","[1363794]"
"LISAH-PEC-0-17-20230413","[1356171]"
"LISAH-PEC-0-19-20230413","[1722437]"
"LISAH-BVD-0-101-20230510","[1394627]"
"LISAH-BVD-0-35-20230510","[1363526]"
"LISAH-BVD-0-99-20230510","[1437044]"
"LISAH-BVD-0-100-20230510","[1361302]"
"LISAH-BVD-0-54-20230510","[1356314]"
"LISAH-BVD-0-25-20230510","[1396871]"
"LISAH-BVD-0-209-20230511","[1363739]"
"LISAH-BOU-0-16-20230511","[1363835]"
"LISAH-BOU-0-15-20230511","[1414366]"
"LISAH-BOU-0-14-20230511","[1363467]"
"LISAH-BOU-0-4-20230511","[1422217]"
"LISAH-BVD-0-155-20230511","[1356066]"
"LISAH-BVD-0-196-20230511","[1362232]"
"LISAH-BVD-0-195-20230511","[1363508]"
"LISAH-BVD-0-208-20230511","[1361914]"
"LISAH-BVD-0-206-20230511","[1363738]"
"LISAH-BVD-0-158-20230511","[1356066]"
"LISAH-BVD-0-200-20230511","[1363739]"
"LISAH-BVD-0-197-20230511","[1394636]"
"LISAH-BVD-0-203-20230511","[1363736]"
"LISAH-BVD-0-152-20230511","[1356066]"
"LISAH-BVD-0-192-20230511","[1362592]"
"LISAH-BVD-0-205-20230511","[1363738]"
"LISAH-BVD-0-191-20230511","[1363738]"
"LISAH-BOU-0-42-20230511","[1696454]"
"RNNB-2-8-20230512","[1426004]"
"RNNB-2-6-20230512","[1356086]"
"RNNB-3-1-20230512","[1397763]"
"LISAH-BOU-0-55-20230512","[1422217]"
"LISAH-BOU-0-56-20230512","[1363944]"
"LISAH-BOU-0-58-20230512","[1361306]"
"LISAH-BOU-0-63-20230512","[1359511]"
"RNNB-2-7-20230512","[1426004]"
"LISAH-BOU-0-65-20230512","[1425224]"
"LISAH-BOU-0-79-20230512","[1359334]"
"LISAH-BOU-0-84-20230512","[1425238]"
"RNNB-1-9-20230512","[1722522]"
"RNNB-2-5-20230512","[1426004]"
"LISAH-BOU-0-54-20230512","[1357526]"
"RNNB-2-4-20230512","[1356086]"
"RNNB-2-2-20230512","[1426004, 1722522]"
"RNNB-2-1-20230512","[1426004]"
"RNNB-1-10-20230512","[1722625]"
"RNNB-2-9-20230512","[1426005]"
"RNNB-1-8-20230512","[1722625]"
"RNNB-1-7-20230512","[1722522]"
"RNNB-1-6-20230512","[1452062, 1722522]"
"RNNB-1-4-20230512","[1722522]"
"RNNB-1-3-20230512","[1722522]"
"RNNB-1-1-20230512","[1722522]"
"RNNB-2-3-20230512","[1426004]"
"LISAH-BOU-0-52-20230512","[1363945]"
"RNNB-1-5-20230512","[1722625]"
"LISAH-BOU-0-24-20230512","[1361000]"
"LISAH-BOU-0-5-20230512","[1356276]"
"RNNB-2-10-20230512","[1426004]"
"RNNB-1-2-20230512","[1722522]"
"LISAH-BOU-0-25-20230512","[1738870]"
"LISAH-BOU-0-30-20230512","[1356012]"
"LISAH-BOU-0-37-20230512","[1397356]"
"LISAH-BOU-0-39-20230512","[1397356]"
"RNNB-3-12-20230512","[1743938]"
"RNNB-3-7-20230512","[1722433]"
"LISAH-BOU-0-40-20230512","[1361000, 1397356]"
"LISAH-BOU-0-41-20230512","[1397356]"
"RNNB-3-9-20230512","[1650353]"
"RNNB-3-10-20230512","[1393522]"
"LISAH-BOU-0-43-20230512","[1363835]"
"RNNB-3-2-20230512","[1426004]"
"RNNB-3-4-20230512","[1392503]"
"RNNB-3-5-20230512","[1360110]"
"RNNB-3-6-20230512","[1393522]"
"RNNB-3-8-20230512","[1650228]"
"RNNB-3-11-20230512","[1722433]"
"LISAH-BOU-0-50-20230512","[1361307]"
"LISAH-BVD-0-295-20230516","[1361914]"
"LISAH-BVD-0-338-20230516","[1364006]"
"LISAH-BVD-0-288-20230516","[1363468]"
"LISAH-BVD-0-392-20230516","[1359497]"
"LISAH-BVD-0-351-20230516","[1356066]"
"LISAH-BVD-0-350-20230516","[1400086]"
"LISAH-BVD-0-380-20230516","[1361306]"
"LISAH-BVD-0-287-20230516","[1361307]"
"LISAH-BVD-0-349-20230516","[1363478]"
"LISAH-BVD-0-379-20230516","[1361307]"
"LISAH-BVD-0-296-20230516","[1363993]"
"LISAH-BVD-0-348-20230516","[1356286]"
"LISAH-BVD-0-337-20230516","[1364006]"
"LISAH-BVD-0-285-20230516","[1397763]"
"LISAH-BVD-0-347-20230516","[1359511]"
"LISAH-BVD-0-275-20230516","[1379532]"
"LISAH-BVD-0-372-20230516","[1359342]"
"LISAH-BVD-0-283-20230516","[1363993]"
"LISAH-BVD-0-310-20230516","[1363993]"
"LISAH-BVD-0-345-20230516","[1392721]"
"LISAH-BVD-0-282-20230516","[1363534]"
"LISAH-BVD-0-281-20230516","[1363993]"
"LISAH-BVD-0-344-20230516","[1721516]"
"LISAH-BVD-0-293-20230516","[1363475]"
"LISAH-BVD-0-343-20230516","[1361206]"
"LISAH-BVD-0-302-20230516","[1360304, 1363993]"
"LISAH-BVD-0-301-20230516","[1363993]"
"LISAH-BVD-0-364-20230516","[1397697]"
"LISAH-BVD-0-342-20230516","[1364006]"
"LISAH-BVD-0-300-20230516","[1363993]"
"LISAH-BVD-0-278-20230516","[1363993]"
"LISAH-BVD-0-309-20230516","[1363993]"
"LISAH-BVD-0-383-20230516","[1363911]"
"LISAH-BVD-0-299-20230516","[1396307]"
"LISAH-BVD-0-298-20230516","[1360313]"
"LISAH-BVD-0-294-20230516","[1363993]"
"LISAH-BVD-0-339-20230516","[1414353]"
"LISAH-BVD-0-297-20230516","[1359497]"
"LISAH-BVD-0-292-20230516","[1360203]"
"LISAH-BOU-0-34-20230516","[1400126]"
"LISAH-BVD-0-354-20230516","[1356066]"
"LISAH-BVD-0-353-20230516","[1356286]"
"LISAH-BOU-0-32-20230516","[1356078]"
"LISAH-BVD-0-352-20230516","[1742317]"
"LISAH-BVD-0-346-20230516","[1392747]"
"LISAH-BVD-0-341-20230516","[1359497]"
"LISAH-BVD-0-277-20230516","[1361307]"
"LISAH-BOU-0-75-20230516","[1359565, 1363468]"
"LISAH-BOU-0-38-20230516","[1360142]"
"LISAH-BVD-0-430-20230517","[1356286]"
"LISAH-BVD-0-428-20230517","[1364068]"
"LISAH-BVD-0-412-20230517","[1396267]"
"LISAH-BVD-0-417-20230517","[1361307]"
"LISAH-BVD-0-397-20230517","[1360984]"
"LISAH-BVD-0-398-20230517","[1393845]"
"LISAH-BVD-0-463-20230517","[1363740]"
"LISAH-BVD-0-465-20230517","[1356066]"
"LISAH-BVD-0-431-20230517","[1364006]"
"LISAH-BVD-0-432-20230517","[1361302]"
"LISAH-BVD-0-471-20230517","[1356066]"
"LISAH-BOU-0-29-20230523","[1361357]"
"LISAH-BOU-0-10-20230523","[1363835]"
"LISAH-BOU-0-29-20230621","[1363212]"
"CBN-can-C2-20230705","[1395807, 1402995]"
"CBN-can-D4-20230705","[1392747]"
"CBN-can-D3-20230705","[1388766]"
"CBN-can-C4-20230705","[1395807]"
"CBN-can-C3-20230705","[1414270]"
"CBN-can-D1-20230705","[1395807]"
"CBN-can-D2-20230705","[1361281]"
"CBN-can-C1-20230705","[1360874]"
"CBN-can-A6-20230705","[1397475]"
"CBN-can-B3-20230705","[1397528]"
"CBN-can-A1-20230705","[1392608, 1397528]"
"CBN-can-B6-20230705","[1397475]"
"CBN-can-A5-20230705","[1397475]"
"CBN-can-A2-20230705","[1397123]"
"CBN-can-B1-20230705","[1392608]"
"CBN-can-B2-20230705","[1392608]"
"CBN-can-A3-20230705","[1393224]"
"CBN-can-B4-20230705","[1397475]"
"CBN-can-B5-20230705","[1397475]"
"CBN-can-F1-20230705","[1394540]"
"CBN-can-E5-20230706","[1360299]"
"CBN-can-E6-20230706","[1360874]"
"CBN-can-E3-20230706","[1397430]"
"CBN-can-E1-20230706","[1360299]"
"CBN-can-E4-20230706","[1361801]"
"CBN-can-E2-20230706","[1390899]"
"CBN-can-F2-20230706","[1395807]"
"CBN-Pyr-03-20230706","[1741624]"
"CBN-can-F3-20230706","[1395807]"
"CBN-can-F4-20230706","[1724565]"
"CBN-Pyr-01-20230706","[1396843]"
"CBN-can-F5-20230706","[1402995]"
"LISAH-BOU-0-4-20230711","[1364006]"
"LISAH-BOU-0-5-20230711","[1473025]"
"LISAH-BOU-0-25-20230711","[1440300]"
"LISAH-BOU-0-3-20230721","[1362361]"
"LISAH-BOU-0-31-20230919","[1359483]"
"OPTMix-0108-P1-95-20231006","[1390887]"
"OPTMix-0178-P1-1061-20231006","[1419076]"
"OPTMix-0178-P1-669-20231006","[1419076]"
"OPTMix-108-P1-000-20231006","[1358612]"
"OPTMix-0108-P1-427-20231006","[1356404]"
"OPTMix-0108-P1-422-20231006","[1393975]"
"OPTMix-0108-P1-533-20231006","[1360354]"
"OPTMix-0108-P1-312-20231006","[1356404]"
"OPTMix-0178-P1-1060-20231006","[1356404]"
"OPTMix-0178-P1-663-20231006","[1419076]"
"OPTMix-0178-P1-552-20231006","[1356404]"
"OPTMix-0178-P1-661-20231006","[1356404]"
"OPTMix-0255-11372-20231009","[1392704]"
"OPTMix-0200-11006-20231009","[1356404]"
"OPTMix-0200-P2-54-20231009","[1395264]"
"OPTMix-0216-P4-208-20231009","[1358501]"
"OPTMix-0255-11233-20231009","[1393975]"
"OPTMix-0255-11382-20231009","[1718548]"
"OPTMix-0200-P2-68-20231009","[1358501]"
"OPTMix-0200-P3-127-20231009","[1722440]"
"OPTMix-0200-P3-139-20231009","[1389817]"
"OPTMix-0200-P3-108-20231009","[1392593]"
"OPTMix-0200-P2-53-20231009","[1358514]"
"OPTMix-0214-P1-207-20231010","[1392309]"
"OPTMix-057-P1-1913-20231010","[1356404]"
"OPTMix-0214-P1-235-20231010","[1419076]"
"OPTMix-057-P1-1901-20231010","[1356379]"
"OPTMix-0214-P3-186-20231010","[1390894]"
"OPTMix-0214-P2-84-20231010","[1388990]"
"OPTMix-0214-P3-278-20231010","[1390837]"
"OPTMix-0214-P2-64-20231010","[1358501]"
"OPTMix-057-P1-1902-20231010","[1356404]"
"OPTMix-0214-P2-22-20231010","[1358501]"
"OPTMix-057-P1-1699-20231010","[1356404]"
"OPTMix-057-P1-1917-20231010","[1356404, 1722693]"
"OPTMix-0214-P3-196-20231010","[1358615]"
"OPTMix-0214-P1-208-20231010","[1357413]"
"OPTMix-083-P3-186-20231110","[1356404]"
"OPTMix-083-P3-96-20231110","[1358501]"
"OPTMix-083-P3-139-20231110","[1356404]"
"OPTMix-012-P1-208-20231201","[1419076]"
"OPTMix-033-P3-107-20231201","[1356404]"
"OPTMix-012-P3-220-20231201","[1400084]"
"OPTMix-012-P3-218-20231201","[1548458]"
"OPTMix-012-P3-190-20231201","[1359973]"
"OPTMix-012-P1-143-20231201","[1419076]"
"OPTMix-012-P2-192-20231201","[1548458]"
"OPTMix-0333-P3-100-20231201","[1356404]"
"OPTMix-0333-P3-76-20231201","[1356404]"
"OPTMix-012-P2-207-20231201","[1548458]"
"OPTMix-012-P2-240-20231201","[1359973]"
"OPTMix-0593-P3-130-20231205","[1737422]"
"OPTMix-0598-P1-149-20231205","[1419076]"
"OPTMix-0598-P1-197-20231205","[1358501]"
"OPTMix-0598-P2-102-20231205","[1356404]"
"OPTMix-0598-P1-133-20231205","[1363593]"
"OPTMix-0598-P1-132-20231205","[1359973]"
"OPTMix-0598-P2-99-20231205","[1419076]"
"OPTMix-0598-P1-118-20231205","[1389603]"
"OPTMix-0598-P1-198-20231205","[1397331]"
"OPTMix-0593-P1-86-20231205","[1357413]"
"OPTMix-0593-P1-129-20231205","[1419076]"
"OPTMix-0593-P1-134-20231205","[1397431]"
"OPTMix-0593-P3-146-20231205","[1390880]"
"OPTMix-0593-P2-92-20231205","[1391477]"
"OPTMix-0593-P2-84-20231205","[1548458]"
"OPTMix-0593-P3-87-20231205","[1391796]"
"OPTMix-0593-P2-180-20231205","[1548458]"
"OPTMix-0598-P4-128-20231207","[1394967]"
"OPTMix-0598-P4-108-20231207","[1668564]"
"OPTMix-0598-P4-104-20231207","[1358501]"
"OPTMix-0598-P2-139-20231207","[1356404]"
"OPTMix-0598-P2-86-20231207","[1356404, 1356790]"
"OPTMix-0333-P2-108-20231212","[1356404]"
"OPTMix-0333-P2-115-20231212","[1393703]"
"OPTMix-0333-P1-112-20231212","[1356404]"
"OPTMix-0333-P1-107-20231212","[1356404]"
"OPTMix-0333-P2-112-20231212","[1363506]"
"RNNB-2-3-20240117","[1357227]"
"RNNB-2-2-20240117","[1357227]"
"RNNB-2-10-20240117","[1356320, 1357227]"
"RNNB-2-1-20240117","[1357227, 1737441]"
"RNNB-1-9-20240117","[1722433, 1737441]"
"RNNB-1-8-20240117","[1737441]"
"RNNB-1-4-20240117","[1356822, 1737441]"
"RNNB-1-6-20240117","[1722433, 1737441]"
"RNNB-1-5-20240117","[1737441]"
"RNNB-2-4-20240117","[1737441]"
"RNNB-1-3-20240117","[1391841]"
"RNNB-1-2-20240117","[1391841]"
"RNNB-1-10-20240117","[1737441]"
"RNNB-1-7-20240117","[1722433, 1737441]"
"RNNB-6-8-20240117","[1361732]"
"RNNB-2-9-20240117","[1357227]"
"RNNB-2-7-20240117","[1357227]"
"RNNB-2-8-20240117","[1360381, 1360701]"
"RNNB-5-3-20240117","[1399609]"
"RNNB-2-5-20240117","[1357227]"
"RNNB-5-6-20240117","[1400036]"
"RNNB-5-7-20240117","[1397499]"
"RNNB-5-8-20240117","[1396197]"
"RNNB-5-9-20240117","[1737422]"
"RNNB-5-10-20240117","[1360034]"
"RNNB-6-1-20240117","[1739038]"
"RNNB-6-2-20240117","[1426088]"
"RNNB-6-6-20240117","[1397499]"
"RNNB-6-7-20240117","[1356822]"
"RNNB-5-5-20240117","[1518939]"
"RNNB-2-6-20240117","[1357227, 1363302]"
"RNNB-5-4-20240117","[1392725]"
"RNNB-3-2-20240117","[1362005, 1737441]"
"RNNB-3-1-20240117","[1359344]"
"RNNB-5-1-20240117","[1360542, 1738870]"
"RNNB-6-3-20240117","[1389329]"
"RNNB-6-4-20240117","[1361732]"
"RNNB-6-5-20240117","[1737441]"
"RNNB-6-10-20240117","[1721513]"
"RNNB-1-1-20240117","[1737441]"
"RNNB-6-9-20240117","[1426088]"
"RNNB-4-2-20240117","[1391750]"
"RNNB-3-4-20240117","[1356494]"
"RNNB-4-5-20240117","[1737441]"
"RNNB-4-4-20240117","[1391840]"
"RNNB-3-6-20240117","[1355977, 1737441]"
"RNNB-4-3-20240117","[1358733]"
"RNNB-4-1-20240117","[1564276]"
"RNNB-3-10-20240117","[1737441]"
"RNNB-3-9-20240117","[1360701, 1364037]"
"RNNB-3-8-20240117","[1398494]"
"RNNB-4-6-20240117","[1359297, 1359344]"
"RNNB-3-7-20240117","[1355977]"
"RNNB-3-5-20240117","[1364037]"
"RNNB-3-3-20240117","[1359344, 1737441]"
"RNNB-5-2-20240117","[1509616]"
"RNNB-4-10-20240117","[1744602]"
"RNNB-4-9-20240117","[1356657]"
"RNNB-4-8-20240117","[1360381]"
"RNNB-4-7-20240117","[1737441]"
"RNNB-5-10-20240118","[1722441]"
"RNNB-5-5-20240118","[1357630]"
"RNNB-8-2-20240118","[1737441]"
"RNNB-4-10-20240118","[1363138]"
"RNNB-7-1-20240118","[1364074]"
"RNNB-6-9-20240118","[1361703]"
"RNNB-5-1-20240118","[1744190]"
"RNNB-4-1-20240118","[1356494]"
"RNNB-4-4-20240118","[1391840]"
"RNNB-4-3-20240118","[1358477]"
"RNNB-8-10-20240118","[1737441]"
"RNNB-4-5-20240118","[1357227]"
"RNNB-5-6-20240118","[1357630]"
"RNNB-4-7-20240118","[1743750]"
"RNNB-4-9-20240118","[1361764]"
"RNNB-4-2-20240118","[1364074]"
"RNNB-8-9-20240118","[1722441]"
"RNNB-8-5-20240118","[1722435]"
"RNNB-8-7-20240118","[1359344]"
"RNNB-5-2-20240118","[1721018]"
"RNNB-7-3-20240118","[1358968]"
"RNNB-7-4-20240118","[1361412]"
"RNNB-7-5-20240118","[1361412]"
"RNNB-7-6-20240118","[1361412]"
"RNNB-7-7-20240118","[1737441]"
"RNNB-7-8-20240118","[1737441]"
"RNNB-7-9-20240118","[1743804]"
"RNNB-7-10-20240118","[1361412]"
"RNNB-8-1-20240118","[1359344]"
"RNNB-8-4-20240118","[1361067]"
"RNNB-8-3-20240118","[1722433]"
"RNNB-7-2-20240118","[1361412]"
"RNNB-4-8-20240118","[1399609]"
"RNNB-8-6-20240118","[1744190]"
"RNNB-8-8-20240118","[1357227]"
"RNNB-5-3-20240118","[1721018]"
"RNNB-4-6-20240118","[1391750]"
"RNNB-6-5-20240118","[1722441]"
"RNNB-5-9-20240118","[1357004]"
"RNNB-5-8-20240118","[1722441]"
"RNNB-6-1-20240118","[1357227]"
"RNNB-6-2-20240118","[1722441]"
"RNNB-6-10-20240118","[1357630]"
"RNNB-6-3-20240118","[1737441]"
"RNNB-6-4-20240118","[1358477, 1425895]"
"RNNB-6-6-20240118","[1397499]"
"RNNB-6-7-20240118","[1358968]"
"RNNB-6-8-20240118","[1391840]"
"RNNB-5-7-20240118","[1722441]"
"RNNB-5-4-20240118","[1391750]"
"GUARDEN-AMB-CF04-1-5-20240325","[1363302, 1363882]"
"GUARDEN-AMB-CF04-1-10-20240325","[1359297, 1359437]"
"GUARDEN-AMB-GV04-1-6-20240326","[1359297]"
"GUARDEN-AMB-GV04-1-7-20240326","[1359297, 1743245]"
"GUARDEN-AMB-CF21-1-3-20240326","[1737441]"
"GUARDEN-AMB-CF21-1-7-20240326","[1737441]"
"GUARDEN-AMB-CF21-1-5-20240326","[1359344]"
"GUARDEN-AMB-CF21-1-4-20240326","[1361067]"
"GUARDEN-AMB-CF21-1-2-20240326","[1361067, 1396330]"
"GUARDEN-AMB-CF21-1-1-20240326","[1356494, 1388812]"
"GUARDEN-AMB-CF21-1-6-20240326","[1744602]"
"GUARDEN-AMB-CF21-1-8-20240326","[1744602]"
"GUARDEN-AMB-CF21-1-9-20240326","[1722619]"
"GUARDEN-AMB-CF21-1-10-20240326","[1737441]"
"GUARDEN-AMB-GV04-1-5-20240326","[1359297]"
"GUARDEN-AMB-GV04-1-4-20240326","[1359297]"
"GUARDEN-AMB-GV04-1-3-20240326","[1356494, 1359297]"
"GUARDEN-AMB-VC03-1-5-20240417","[1359297]"
"GUARDEN-AMB-VC03-1-6-20240417","[1359297, 1359437]"
"GUARDEN-AMB-VC03-1-3-20240417","[1359344]"
"GUARDEN-AMB-PR13-1-2-20240417","[1399923, 1721018]"
"GUARDEN-AMB-PR13-1-3-20240417","[1361067]"
"GUARDEN-AMB-PR13-1-4-20240417","[1399923, 1722433]"
"GUARDEN-AMB-PR13-1-8-20240417","[1359297]"
"GUARDEN-AMB-PR13-1-10-20240417","[1359297]"
"GUARDEN-AMB-VC03-1-4-20240417","[1356905]"
"GUARDEN-AMB-PR20-1-1-20240424","[1393522]"
"GUARDEN-AMB-PR20-1-8-20240424","[1362005]"
"GUARDEN-AMB-PR20-1-10-20240424","[1359297]"
"LISAH-BOU-0-32-20240425","[1395553]"
"LISAH-BOU-0-98-20240425","[1425238]"
"LISAH-BOU-0-101-20240425","[1425238]"
"LISAH-BOU-0-35-20240425","[1395553]"
"LISAH-BOU-0-31-20240425","[1360385]"
"LISAH-BOU-0-2-20240425","[1650228]"
"LISAH-BOU-0-29-20240425","[1668953]"
"LISAH-BOU-0-28-20240425","[1361000]"
"LISAH-BOU-0-24-20240425","[1356013]"
"LISAH-BOU-0-9-20240425","[1393522]"
"LISAH-BOU-0-8-20240425","[1363409]"
"LISAH-BOU-0-6-20240425","[1356276]"
"LISAH-BOU-0-4-20240425","[1392598]"
"LISAH-BOU-0-40-20240425","[1397356]"
"LISAH-BOU-0-30-20240425","[1395204]"
"LISAH-BOU-0-44-20240425","[1355978]"
"LISAH-BOU-0-37-20240425","[1395601]"
"LISAH-BOU-0-36-20240425","[1358682]"
"GUARDEN-CBNMed-24-3-12-15-20240428","[1502064]"
"GUARDEN-CBNMed-24-5-12-36-20240428","[1744025]"
"GUARDEN-CBNMed-24-6-12-46-20240428","[1357351]"
"GUARDEN-CBNMed-24-7-12-54-20240428","[1390956]"
"GUARDEN-CBNMed-24-8-14-58-20240428","[1357360]"
"GUARDEN-CBNMed-24-9-13-02-20240428","[1398646]"
"GUARDEN-CBNMed-24-10-13-06-20240428","[1396295]"
"GUARDEN-CBNMed-25-1-13-52-20240428","[1394527]"
"GUARDEN-CBNMed-25-2-13-57-20240428","[1362465]"
"GUARDEN-CBNMed-25-3-14-06-20240428","[1394527]"
"GUARDEN-CBNMed-25-4-14-15-20240428","[1357743, 1394527, 1398824]"
"GUARDEN-CBNMed-25-7-14-28-20240428","[1357981]"
"GUARDEN-CBNMed-25-8-14-39-20240428","[1357981]"
"GUARDEN-CBNMed-25-9-14-43-20240428","[1357968]"
"GUARDEN-CBNMed-25-10-14-49-20240428","[1357743, 1358918]"
"GUARDEN-CBNMed-26-6-9-34-20240428","[1738652, 1743249]"
"GUARDEN-CBNMed-26-8-9-45-20240428","[1359344]"
"GUARDEN-CBNMed-26-9-9-48-20240428","[1359344]"
"GUARDEN-CBNMed-26-10-10-01-20240428","[1397389]"
"GUARDEN-CBNMed-27-1-11-17-20240428","[1646456]"
"GUARDEN-CBNMed-27-2-11-32-20240428","[1360070]"
"GUARDEN-CBNMed-27-3-11-36-20240428","[1363191]"
"GUARDEN-CBNMed-27-4-11-39-20240428","[1397376]"
"GUARDEN-CBNMed-24-2-12-04-20240428","[1362462]"
"GUARDEN-CBNMed-27-5-11-4-20240428","[1397376]"
"GUARDEN-CBNMed-38-6-15-04-20240428","[1395169]"
"GUARDEN-CBNMed-23-8-10-34-20240428","[1357769]"
"GUARDEN-CBNMed-20-1-9-35-20240428","[1360443, 1364040]"
"GUARDEN-CBNMed-20-8-10-19-20240428","[1721729]"
"GUARDEN-CBNMed-20-9-10-23-20240428","[1397376]"
"GUARDEN-CBNMed-20-10-10-31-20240428","[1388990]"
"GUARDEN-CBNMed-21-2-11-07-20240428","[1743245]"
"GUARDEN-CBNMed-21-3-11-09-20240428","[1393365, 1649444]"
"GUARDEN-CBNMed-21-6-11-17-20240428","[1357771, 1649444]"
"GUARDEN-CBNMed-21-8-11-23-20240428","[1364049]"
"GUARDEN-CBNMed-21-9-11-32-20240428","[1356852]"
"GUARDEN-CBNMed-21-10-11-42-20240428","[1356852]"
"GUARDEN-CBNMed-22-1-13-39-20240428","[1360054]"
"GUARDEN-CBNMed-22-2-14-05-20240428","[1363191]"
"GUARDEN-CBNMed-22-5-14-21-20240428","[1722521, 1722522]"
"GUARDEN-CBNMed-22-6-14-23-20240428","[1722522]"
"GUARDEN-CBNMed-22-7-14-25-20240428","[1361127, 1722521]"
"GUARDEN-CBNMed-22-9-14-42-20240428","[1361127]"
"GUARDEN-CBNMed-22-10-14-48-20240428","[1363191]"
"GUARDEN-CBNMed-23-1-9-56-20240428","[1356852]"
"GUARDEN-CBNMed-23-3-10-14-20240428","[1357771]"
"GUARDEN-CBNMed-23-4-10-17-20240428","[1449488]"
"GUARDEN-CBNMed-23-5-10-21-20240428","[1357690]"
"GUARDEN-CBNMed-23-6-10-24-20240428","[1393365]"
"GUARDEN-CBNMed-23-7-10-28-20240428","[1392725]"
"GUARDEN-CBNMed-23-9-10-39-20240428","[1360363]"
"GUARDEN-CBNMed-23-10-10-42-20240428","[1392525]"
"GUARDEN-CBNMed-27-6-11-42-20240428","[1722522]"
"GUARDEN-CBNMed-27-8-11-45-20240428","[1363191]"
"GUARDEN-CBNMed-31-7-9-56-20240428","[1393770]"
"GUARDEN-CBNMed-31-8-10-20240428","[1396726]"
"GUARDEN-CBNMed-31-9-10-02-20240428","[1639681]"
"GUARDEN-CBNMed-31-10-10-06-20240428","[1738610]"
"GUARDEN-CBNMed-32-1-11-46-20240428","[1396726, 1399609]"
"GUARDEN-CBNMed-32-2-11-58-20240428","[1396726]"
"GUARDEN-CBNMed-32-3-12-01-20240428","[1396726]"
"GUARDEN-CBNMed-32-4-12-12-20240428","[1396726]"
"GUARDEN-CBNMed-32-9-13-07-20240428","[1437044]"
"GUARDEN-CBNMed-32-10-13-12-20240428","[1359965, 1396726]"
"GUARDEN-CBNMed-31-6-9-54-20240428","[1393770]"
"GUARDEN-CBNMed-33-1-14-48-20240428","[1399609]"
"GUARDEN-CBNMed-33-3-15-04-20240428","[1399609]"
"GUARDEN-CBNMed-33-4-15-26-20240428","[1397499]"
"GUARDEN-CBNMed-33-5-15-29-20240428","[1358477, 1399609]"
"GUARDEN-CBNMed-33-6-15-36-20240428","[1358477]"
"GUARDEN-CBNMed-33-7-15-43-20240428","[1357004]"
"GUARDEN-CBNMed-33-8-15-5-20240428","[1399609]"
"GUARDEN-CBNMed-33-9-15-56-20240428","[1649444]"
"GUARDEN-CBNMed-33-10-15-59-20240428","[1363016]"
"GUARDEN-CBNMed-38-1-12-58-20240428","[1363850]"
"GUARDEN-CBNMed-38-4-14-39-20240428","[1395168]"
"GUARDEN-CBNMed-33-2-15-01-20240428","[1359812]"
"GUARDEN-CBNMed-31-5-9-51-20240428","[1393770]"
"GUARDEN-CBNMed-31-4-9-48-20240428","[1355977, 1361803]"
"GUARDEN-CBNMed-31-3-9-44-20240428","[1393770]"
"GUARDEN-CBNMed-27-9-11-47-20240428","[1646456]"
"GUARDEN-CBNMed-27-10-11-55-20240428","[1360070]"
"GUARDEN-CBNMed-28-1-12-46-20240428","[1722522]"
"GUARDEN-CBNMed-28-2-12-48-20240428","[1363191, 1722522]"
"GUARDEN-CBNMed-28-3-12-51-20240428","[1722521, 1722522]"
"GUARDEN-CBNMed-28-4-12-52-20240428","[1357705, 1360054]"
"GUARDEN-CBNMed-28-5-13-02-20240428","[1360054, 1364131]"
"GUARDEN-CBNMed-28-6-13-06-20240428","[1357705, 1722521]"
"GUARDEN-CBNMed-28-7-13-11-20240428","[1357705]"
"GUARDEN-CBNMed-28-8-13-14-20240428","[1357705]"
"GUARDEN-CBNMed-28-9-13-17-20240428","[1722522]"
"GUARDEN-CBNMed-28-10-13-23-20240428","[1357705]"
"GUARDEN-CBNMed-29-6-14-31-20240428","[1359344, 1360719]"
"GUARDEN-CBNMed-29-7-14-34-20240428","[1360701, 1360719]"
"GUARDEN-CBNMed-30-1-16-07-20240428","[1361959]"
"GUARDEN-CBNMed-30-2-16-23-20240428","[1357227, 1359344]"
"GUARDEN-CBNMed-30-4-16-3-20240428","[1357227]"
"GUARDEN-CBNMed-30-6-16-34-20240428","[1357227]"
"GUARDEN-CBNMed-30-7-16-35-20240428","[1357227]"
"GUARDEN-CBNMed-30-9-16-4-20240428","[1357227]"
"GUARDEN-CBNMed-30-10-16-41-20240428","[1359344]"
"GUARDEN-CBNMed-31-1-9-37-20240428","[1359952, 1393770]"
"GUARDEN-CBNMed-31-2-9-4-20240428","[1355977]"
"GUARDEN-CBNMed-27-7-11-43-20240428","[1722522]"
"GUARDEN-CBNMed-30-8-16-37-20240428","[1357227]"
"GUARDEN-CBNMed-19-4-15-39-20240429","[1722519]"
"GUARDEN-CBNMed-8-8-12-51-20240429","[1359548, 1361000]"
"GUARDEN-CBNMed-14-4-9-49-20240429","[1360578, 1422538]"
"GUARDEN-CBNMed-14-3-9-45-20240429","[1360578]"
"GUARDEN-CBNMed-10-10-17-19-20240429","[1358613, 1422538]"
"GUARDEN-CBNMed-10-9-17-16-20240429","[1358613, 1422538]"
"GUARDEN-CBNMed-10-8-17-11-20240429","[1358613]"
"GUARDEN-CBNMed-10-7-17-05-20240429","[1357111]"
"GUARDEN-CBNMed-10-6-17-02-20240429","[1743801]"
"GUARDEN-CBNMed-10-5-16-55-20240429","[1356785, 1358503]"
"GUARDEN-CBNMed-14-9-10-09-20240429","[1359676]"
"GUARDEN-CBNMed-10-1-16-34-20240429","[1358503]"
"GUARDEN-CBNMed-9-9-16-14-20240429","[1361005]"
"GUARDEN-CBNMed-19-3-15-35-20240429","[1422217]"
"GUARDEN-CBNMed-9-8-16-08-20240429","[1358613]"
"GUARDEN-CBNMed-9-7-16-06-20240429","[1358613]"
"GUARDEN-CBNMed-9-6-16-04-20240429","[1358613]"
"GUARDEN-CBNMed-9-2-15-46-20240429","[1358503]"
"GUARDEN-CBNMed-8-10-12-59-20240429","[1358613]"
"GUARDEN-CBNMed-8-9-12-56-20240429","[1358613, 1359678, 1361000]"
"GUARDEN-CBNMed-9-10-16-16-20240429","[1359548]"
"GUARDEN-CBNMed-15-5-11-44-20240429","[1363467]"
"GUARDEN-CBNMed-15-7-12-02-20240429","[1742627]"
"GUARDEN-CBNMed-15-9-12-15-20240429","[1361115]"
"GUARDEN-CBNMed-19-5-15-44-20240429","[1396055, 1744194]"
"GUARDEN-CBNMed-19-6-15-48-20240429","[1396055]"
"GUARDEN-CBNMed-19-7-15-51-20240429","[1361369]"
"GUARDEN-CBNMed-19-8-15-53-20240429","[1493744]"
"GUARDEN-CBNMed-19-9-15-58-20240429","[1396055]"
"GUARDEN-CBNMed-19-10-16-02-20240429","[1396055]"
"GUARDEN-CBNMed-19-2-15-31-20240429","[1363413]"
"GUARDEN-CBNMed-19-1-15-24-20240429","[1396055]"
"GUARDEN-CBNMed-17-5-11-2-20240429","[1363212]"
"GUARDEN-CBNMed-17-3-10-56-20240429","[1363328]"
"GUARDEN-CBNMed-16-10-14-33-20240429","[1744243]"
"GUARDEN-CBNMed-16-8-14-14-20240429","[1360999]"
"GUARDEN-CBNMed-16-7-14-1-20240429","[1744243]"
"GUARDEN-CBNMed-16-6-14-07-20240429","[1722409]"
"GUARDEN-CBNMed-16-4-13-57-20240429","[1722409]"
"GUARDEN-CBNMed-16-3-13-51-20240429","[1359548]"
"GUARDEN-CBNMed-16-2-13-45-20240429","[1363707]"
"GUARDEN-CBNMed-16-1-13-37-20240429","[1388990]"
"GUARDEN-CBNMed-15-10-12-17-20240429","[1393770]"
"GUARDEN-CBNMed-8-4-12-33-20240429","[1744243]"
"GUARDEN-CBNMed-6-9-15-28-20240430","[1360399]"
"GUARDEN-CBNMed-5-1-12-38-20240430","[1361357]"
"GUARDEN-CBNMed-5-9-13-27-20240430","[1363403]"
"GUARDEN-CBNMed-5-2-12-45-20240430","[1359277]"
"GUARDEN-CBNMed-5-3-12-56-20240430","[1737447]"
"GUARDEN-CBNMed-5-4-13-20240430","[1363481]"
"GUARDEN-CBNMed-5-5-13-04-20240430","[1363403]"
"GUARDEN-CBNMed-5-10-13-32-20240430","[1414366]"
"GUARDEN-CBNMed-5-7-13-17-20240430","[1422217]"
"GUARDEN-CBNMed-5-8-13-22-20240430","[1414366]"
"GUARDEN-CBNMed-5-6-13-07-20240430","[1422217]"
"LISAH-BOU-0-164-20240502","[1392594]"
"LISAH-BOU-0-163-20240502","[1357962]"
"LISAH-BOU-0-160-20240502","[1356013]"
"LISAH-BOU-0-157-20240502","[1358643]"
"LISAH-BOU-0-154-20240502","[1360110]"
"LISAH-BOU-0-153-20240502","[1650353]"
"LISAH-BOU-0-118-20240502","[1356276, 1392598]"
"LISAH-BOU-0-117-20240502","[1360385]"
"LISAH-BOU-0-113-20240502","[1356276]"
"LISAH-BOU-0-165-20240502","[1363835]"
"LISAH-BOU-0-110-20240502","[1356276, 1360385]"
"LISAH-BOU-0-109-20240502","[1364173]"
"LISAH-BOU-0-108-20240502","[1356276, 1359772]"
"LISAH-BOU-0-105-20240502","[1356276]"
"LISAH-BOU-0-114-20240502","[1360385]"
"LISAH-BOU-0-111-20240502","[1397608]"
"LISAH-BOU-0-167-20240502","[1363731]"
"LISAH-BOU-0-168-20240502","[1363731]"
"LISAH-BOU-0-191-20240502","[1359277, 1414353]"
"LISAH-BOU-0-187-20240502","[1359639]"
"LISAH-BOU-0-183-20240502","[1359639]"
"LISAH-BOU-0-175-20240502","[1363731]"
"LISAH-BOU-0-104-20240502","[1356276, 1397608]"
"LISAH-BOU-0-173-20240502","[1355881, 1358654]"
"LISAH-BOU-0-174-20240502","[1363731, 1425238]"
"LISAH-BOU-0-172-20240502","[1363731]"
"LISAH-BOU-0-171-20240502","[1363731]"
"LISAH-BOU-0-170-20240502","[1363731]"
"GUARDEN-CBNMed-39-8-11-39-20240531","[1722436]"
"GUARDEN-CBNMed-39-7-11-3-20240531","[1356766]"
"GUARDEN-CBNMed-39-9-11-5-20240531","[1359511]"
"GUARDEN-CBNMed-39-10-12-02-20240531","[1359573]"
"2024-CEV3-20240602","[1393879]"
"GUARDEN-AMB-SA03-1-1-20240626","[1722433]"
"GUARDEN-AMB-SA03-1-2-20240626","[1359297]"
"GUARDEN-AMB-SA03-1-3-20240626","[1364074]"
"GUARDEN-AMB-SA03-1-4-20240626","[1396726]"
"GUARDEN-AMB-SA03-1-5-20240626","[1363302]"
"GUARDEN-AMB-SA03-1-9-20240626","[1359297]"
"GUARDEN-AMB-SA03-1-10-20240626","[1356494]"
"GUARDEN-CBNMed-44-7-12-03-20240629","[1392059]"
